,SiO2,B2O3,Al2O3,MgO,CaO,BaO,Li2O,Na2O,K2O,ZnO,SrO,PbO,La2O3,TiO2,GeO2,ZrO2,P2O5,nC
0,0.0,0.76,0.0,0.0,0.0,0.0,0.0,0.0,0.0,0.0,0.0,0.24,0.0,0.0,0.0,0.0,0.0,1.659
1,0.0,0.68,0.0,0.0,0.0,0.0,0.0,0.0,0.0,0.0,0.0,0.32,0.0,0.0,0.0,0.0,0.0,1.725
2,0.0,0.6,0.0,0.0,0.0,0.0,0.0,0.0,0.0,0.0,0.0,0.4,0.0,0.0,0.0,0.0,0.0,1.802
3,0.0,0.52,0.0,0.0,0.0,0.0,0.0,0.0,0.0,0.0,0.0,0.48,0.0,0.0,0.0,0.0,0.0,1.871
4,0.0,0.44,0.0,0.0,0.0,0.0,0.0,0.0,0.0,0.0,0.0,0.56,0.0,0.0,0.0,0.0,0.0,1.921
5,0.44,0.0,0.0,0.0,0.0,0.0,0.0,0.0,0.0,0.0,0.0,0.56,0.0,0.0,0.0,0.0,0.0,1.934
6,0.0,0.0,0.0,0.0,0.0,0.0,0.0,0.0,0.0,0.0,0.0,0.4,0.0,0.0,0.6,0.0,0.0,1.954
7,0.46,0.0,0.0,0.0,0.0,0.4,0.0,0.0,0.0,0.14,0.0,0.0,0.0,0.0,0.0,0.0,0.0,1.675
8,0.58,0.0,0.0,0.0,0.0,0.36,0.0,0.0,0.0,0.06,0.0,0.0,0.0,0.0,0.0,0.0,0.0,1.632
9,0.54,0.0,0.0,0.0,0.0,0.36,0.0,0.0,0.0,0.1,0.0,0.0,0.0,0.0,0.0,0.0,0.0,1.65
10,0.5,0.0,0.0,0.0,0.0,0.36,0.0,0.0,0.0,0.14,0.0,0.0,0.0,0.0,0.0,0.0,0.0,1.662
11,0.46,0.0,0.0,0.0,0.0,0.36,0.0,0.0,0.0,0.18,0.0,0.0,0.0,0.0,0.0,0.0,0.0,1.672
12,0.56,0.0,0.0,0.0,0.0,0.34,0.0,0.0,0.0,0.1,0.0,0.0,0.0,0.0,0.0,0.0,0.0,1.641
13,0.52,0.0,0.0,0.0,0.0,0.34,0.0,0.0,0.0,0.14,0.0,0.0,0.0,0.0,0.0,0.0,0.0,1.65
14,0.5,0.0,0.0,0.0,0.0,0.34,0.0,0.0,0.0,0.16,0.0,0.0,0.0,0.0,0.0,0.0,0.0,1.658
15,0.48,0.0,0.0,0.0,0.0,0.34,0.0,0.0,0.0,0.18,0.0,0.0,0.0,0.0,0.0,0.0,0.0,1.665
16,0.46,0.0,0.0,0.0,0.0,0.34,0.0,0.0,0.0,0.2,0.0,0.0,0.0,0.0,0.0,0.0,0.0,1.666
17,0.64,0.0,0.0,0.0,0.0,0.33,0.0,0.0,0.0,0.03,0.0,0.0,0.0,0.0,0.0,0.0,0.0,1.608
18,0.52,0.0,0.0,0.0,0.0,0.32,0.0,0.0,0.0,0.16,0.0,0.0,0.0,0.0,0.0,0.0,0.0,1.652
19,0.5,0.0,0.0,0.0,0.0,0.32,0.0,0.0,0.0,0.18,0.0,0.0,0.0,0.0,0.0,0.0,0.0,1.658
20,0.64,0.0,0.0,0.0,0.0,0.3,0.0,0.0,0.0,0.06,0.0,0.0,0.0,0.0,0.0,0.0,0.0,1.61
21,0.62,0.0,0.0,0.0,0.0,0.3,0.0,0.0,0.0,0.08,0.0,0.0,0.0,0.0,0.0,0.0,0.0,1.618
22,0.6,0.0,0.0,0.0,0.0,0.3,0.0,0.0,0.0,0.1,0.0,0.0,0.0,0.0,0.0,0.0,0.0,1.625
23,0.58,0.0,0.0,0.0,0.0,0.3,0.0,0.0,0.0,0.12,0.0,0.0,0.0,0.0,0.0,0.0,0.0,1.629
24,0.56,0.0,0.0,0.0,0.0,0.3,0.0,0.0,0.0,0.14,0.0,0.0,0.0,0.0,0.0,0.0,0.0,1.638
25,0.54,0.0,0.0,0.0,0.0,0.3,0.0,0.0,0.0,0.16,0.0,0.0,0.0,0.0,0.0,0.0,0.0,1.645
26,0.52,0.0,0.0,0.0,0.0,0.3,0.0,0.0,0.0,0.18,0.0,0.0,0.0,0.0,0.0,0.0,0.0,1.651
27,0.5,0.0,0.0,0.0,0.0,0.3,0.0,0.0,0.0,0.2,0.0,0.0,0.0,0.0,0.0,0.0,0.0,1.657
28,0.62,0.0,0.0,0.0,0.0,0.28,0.0,0.0,0.0,0.1,0.0,0.0,0.0,0.0,0.0,0.0,0.0,1.615
29,0.6,0.0,0.0,0.0,0.0,0.28,0.0,0.0,0.0,0.12,0.0,0.0,0.0,0.0,0.0,0.0,0.0,1.622
30,0.58,0.0,0.0,0.0,0.0,0.28,0.0,0.0,0.0,0.14,0.0,0.0,0.0,0.0,0.0,0.0,0.0,1.632
31,0.56,0.0,0.0,0.0,0.0,0.28,0.0,0.0,0.0,0.16,0.0,0.0,0.0,0.0,0.0,0.0,0.0,1.637
32,0.52,0.0,0.0,0.0,0.0,0.28,0.0,0.0,0.0,0.2,0.0,0.0,0.0,0.0,0.0,0.0,0.0,1.648
33,0.48,0.0,0.0,0.0,0.0,0.28,0.0,0.0,0.0,0.24,0.0,0.0,0.0,0.0,0.0,0.0,0.0,1.663
34,0.46,0.0,0.0,0.0,0.0,0.28,0.0,0.0,0.0,0.26,0.0,0.0,0.0,0.0,0.0,0.0,0.0,1.67
35,0.7000000000000001,0.0,0.0,0.0,0.0,0.26,0.0,0.0,0.0,0.04,0.0,0.0,0.0,0.0,0.0,0.0,0.0,1.586
36,0.68,0.0,0.0,0.0,0.0,0.26,0.0,0.0,0.0,0.06,0.0,0.0,0.0,0.0,0.0,0.0,0.0,1.595
37,0.66,0.0,0.0,0.0,0.0,0.26,0.0,0.0,0.0,0.08,0.0,0.0,0.0,0.0,0.0,0.0,0.0,1.602
38,0.64,0.0,0.0,0.0,0.0,0.26,0.0,0.0,0.0,0.1,0.0,0.0,0.0,0.0,0.0,0.0,0.0,1.606
39,0.62,0.0,0.0,0.0,0.0,0.26,0.0,0.0,0.0,0.12,0.0,0.0,0.0,0.0,0.0,0.0,0.0,1.614
40,0.6,0.0,0.0,0.0,0.0,0.26,0.0,0.0,0.0,0.14,0.0,0.0,0.0,0.0,0.0,0.0,0.0,1.62
41,0.58,0.0,0.0,0.0,0.0,0.26,0.0,0.0,0.0,0.16,0.0,0.0,0.0,0.0,0.0,0.0,0.0,1.63
42,0.56,0.0,0.0,0.0,0.0,0.26,0.0,0.0,0.0,0.18,0.0,0.0,0.0,0.0,0.0,0.0,0.0,1.635
43,0.54,0.0,0.0,0.0,0.0,0.26,0.0,0.0,0.0,0.2,0.0,0.0,0.0,0.0,0.0,0.0,0.0,1.644
44,0.5,0.0,0.0,0.0,0.0,0.26,0.0,0.0,0.0,0.24,0.0,0.0,0.0,0.0,0.0,0.0,0.0,1.657
45,0.46,0.0,0.0,0.0,0.0,0.26,0.0,0.0,0.0,0.28,0.0,0.0,0.0,0.0,0.0,0.0,0.0,1.67
46,0.7000000000000001,0.0,0.0,0.0,0.0,0.24,0.0,0.0,0.0,0.06,0.0,0.0,0.0,0.0,0.0,0.0,0.0,1.585
47,0.66,0.0,0.0,0.0,0.0,0.24,0.0,0.0,0.0,0.1,0.0,0.0,0.0,0.0,0.0,0.0,0.0,1.599
48,0.62,0.0,0.0,0.0,0.0,0.24,0.0,0.0,0.0,0.14,0.0,0.0,0.0,0.0,0.0,0.0,0.0,1.613
49,0.46,0.0,0.0,0.0,0.0,0.3,0.0,0.0,0.0,0.24,0.0,0.0,0.0,0.0,0.0,0.0,0.0,1.67
50,0.7000000000000001,0.0,0.0,0.0,0.0,0.28,0.0,0.0,0.0,0.02,0.0,0.0,0.0,0.0,0.0,0.0,0.0,1.591
51,0.64,0.0,0.0,0.0,0.0,0.28,0.0,0.0,0.0,0.08,0.0,0.0,0.0,0.0,0.0,0.0,0.0,1.607
52,0.52,0.0,0.0,0.0,0.0,0.24,0.0,0.0,0.0,0.24,0.0,0.0,0.0,0.0,0.0,0.0,0.0,1.647
53,0.5,0.0,0.0,0.0,0.0,0.24,0.0,0.0,0.0,0.26,0.0,0.0,0.0,0.0,0.0,0.0,0.0,1.658
54,0.66,0.0,0.0,0.0,0.0,0.2,0.0,0.0,0.0,0.14,0.0,0.0,0.0,0.0,0.0,0.0,0.0,1.6
55,0.6,0.0,0.0,0.0,0.0,0.2,0.0,0.0,0.0,0.2,0.0,0.0,0.0,0.0,0.0,0.0,0.0,1.623
56,0.58,0.0,0.0,0.0,0.0,0.2,0.0,0.0,0.0,0.22,0.0,0.0,0.0,0.0,0.0,0.0,0.0,1.618
57,0.52,0.0,0.0,0.0,0.0,0.2,0.0,0.0,0.0,0.28,0.0,0.0,0.0,0.0,0.0,0.0,0.0,1.646
58,0.5,0.0,0.0,0.0,0.0,0.2,0.0,0.0,0.0,0.3,0.0,0.0,0.0,0.0,0.0,0.0,0.0,1.652
59,0.52,0.0,0.0,0.0,0.0,0.18,0.0,0.0,0.0,0.3,0.0,0.0,0.0,0.0,0.0,0.0,0.0,1.646
60,0.48,0.0,0.0,0.0,0.0,0.18,0.0,0.0,0.0,0.34,0.0,0.0,0.0,0.0,0.0,0.0,0.0,1.66
61,0.6,0.0,0.0,0.0,0.0,0.16,0.0,0.0,0.0,0.24,0.0,0.0,0.0,0.0,0.0,0.0,0.0,1.614
62,0.5745,0.0,0.0,0.0,0.0,0.10640000000000001,0.0,0.0,0.0,0.3191,0.0,0.0,0.0,0.0,0.0,0.0,0.0,1.635
63,0.5,0.0,0.0,0.0,0.0,0.16,0.0,0.0,0.0,0.34,0.0,0.0,0.0,0.0,0.0,0.0,0.0,1.651
64,0.58,0.0,0.0,0.0,0.0,0.24,0.0,0.0,0.0,0.18,0.0,0.0,0.0,0.0,0.0,0.0,0.0,1.626
65,0.56,0.0,0.0,0.0,0.0,0.24,0.0,0.0,0.0,0.2,0.0,0.0,0.0,0.0,0.0,0.0,0.0,1.637
66,0.54,0.0,0.0,0.0,0.0,0.24,0.0,0.0,0.0,0.22,0.0,0.0,0.0,0.0,0.0,0.0,0.0,1.642
67,0.52,0.0,0.0,0.0,0.0,0.14,0.0,0.0,0.0,0.34,0.0,0.0,0.0,0.0,0.0,0.0,0.0,1.643
68,0.48,0.0,0.0,0.0,0.0,0.14,0.0,0.0,0.0,0.38,0.0,0.0,0.0,0.0,0.0,0.0,0.0,1.655
69,0.46,0.0,0.0,0.0,0.0,0.14,0.0,0.0,0.0,0.4,0.0,0.0,0.0,0.0,0.0,0.0,0.0,1.664
70,0.56,0.0,0.0,0.0,0.0,0.12,0.0,0.0,0.0,0.32,0.0,0.0,0.0,0.0,0.0,0.0,0.0,1.623
71,0.54,0.0,0.0,0.0,0.0,0.12,0.0,0.0,0.0,0.34,0.0,0.0,0.0,0.0,0.0,0.0,0.0,1.634
72,0.5,0.0,0.0,0.0,0.0,0.12,0.0,0.0,0.0,0.38,0.0,0.0,0.0,0.0,0.0,0.0,0.0,1.649
73,0.48,0.0,0.0,0.0,0.0,0.12,0.0,0.0,0.0,0.4,0.0,0.0,0.0,0.0,0.0,0.0,0.0,1.655
74,0.54,0.0,0.0,0.0,0.0,0.1,0.0,0.0,0.0,0.36,0.0,0.0,0.0,0.0,0.0,0.0,0.0,1.633
75,0.52,0.0,0.0,0.0,0.0,0.1,0.0,0.0,0.0,0.38,0.0,0.0,0.0,0.0,0.0,0.0,0.0,1.64
76,0.48,0.0,0.0,0.0,0.0,0.1,0.0,0.0,0.0,0.42,0.0,0.0,0.0,0.0,0.0,0.0,0.0,1.654
77,0.5,0.0,0.0,0.0,0.0,0.08,0.0,0.0,0.0,0.42,0.0,0.0,0.0,0.0,0.0,0.0,0.0,1.647
78,0.52,0.0,0.0,0.0,0.0,0.06,0.0,0.0,0.0,0.42,0.0,0.0,0.0,0.0,0.0,0.0,0.0,1.638
79,0.64,0.0,0.06,0.0,0.0,0.3,0.0,0.0,0.0,0.0,0.0,0.0,0.0,0.0,0.0,0.0,0.0,1.604
80,0.62,0.0,0.06,0.0,0.0,0.32,0.0,0.0,0.0,0.0,0.0,0.0,0.0,0.0,0.0,0.0,0.0,1.609
81,0.6,0.0,0.06,0.0,0.0,0.34,0.0,0.0,0.0,0.0,0.0,0.0,0.0,0.0,0.0,0.0,0.0,1.612
82,0.58,0.0,0.06,0.0,0.0,0.36,0.0,0.0,0.0,0.0,0.0,0.0,0.0,0.0,0.0,0.0,0.0,1.625
83,0.56,0.0,0.06,0.0,0.0,0.38,0.0,0.0,0.0,0.0,0.0,0.0,0.0,0.0,0.0,0.0,0.0,1.628
84,0.54,0.0,0.06,0.0,0.0,0.4,0.0,0.0,0.0,0.0,0.0,0.0,0.0,0.0,0.0,0.0,0.0,1.632
85,0.58,0.0,0.08,0.0,0.0,0.34,0.0,0.0,0.0,0.0,0.0,0.0,0.0,0.0,0.0,0.0,0.0,1.617
86,0.56,0.0,0.08,0.0,0.0,0.36,0.0,0.0,0.0,0.0,0.0,0.0,0.0,0.0,0.0,0.0,0.0,1.621
87,0.54,0.0,0.08,0.0,0.0,0.38,0.0,0.0,0.0,0.0,0.0,0.0,0.0,0.0,0.0,0.0,0.0,1.625
88,0.5,0.0,0.08,0.0,0.0,0.42,0.0,0.0,0.0,0.0,0.0,0.0,0.0,0.0,0.0,0.0,0.0,1.639
89,0.62,0.0,0.1,0.0,0.0,0.28,0.0,0.0,0.0,0.0,0.0,0.0,0.0,0.0,0.0,0.0,0.0,1.591
90,0.52,0.0,0.1,0.0,0.0,0.38,0.0,0.0,0.0,0.0,0.0,0.0,0.0,0.0,0.0,0.0,0.0,1.628
91,0.5,0.0,0.1,0.0,0.0,0.4,0.0,0.0,0.0,0.0,0.0,0.0,0.0,0.0,0.0,0.0,0.0,1.626
92,0.48,0.0,0.1,0.0,0.0,0.42,0.0,0.0,0.0,0.0,0.0,0.0,0.0,0.0,0.0,0.0,0.0,1.633
93,0.52,0.0,0.12,0.0,0.0,0.36,0.0,0.0,0.0,0.0,0.0,0.0,0.0,0.0,0.0,0.0,0.0,1.62
94,0.48,0.0,0.12,0.0,0.0,0.4,0.0,0.0,0.0,0.0,0.0,0.0,0.0,0.0,0.0,0.0,0.0,1.633
95,0.46,0.0,0.14,0.0,0.0,0.4,0.0,0.0,0.0,0.0,0.0,0.0,0.0,0.0,0.0,0.0,0.0,1.633
96,0.44,0.0,0.14,0.0,0.0,0.42,0.0,0.0,0.0,0.0,0.0,0.0,0.0,0.0,0.0,0.0,0.0,1.644
97,0.7000000000000001,0.0,0.0,0.0,0.0,0.28,0.0,0.0,0.0,0.0,0.0,0.0,0.02,0.0,0.0,0.0,0.0,1.607
98,0.68,0.0,0.0,0.0,0.0,0.3,0.0,0.0,0.0,0.0,0.0,0.0,0.02,0.0,0.0,0.0,0.0,1.614
99,0.65,0.0,0.0,0.0,0.0,0.33,0.0,0.0,0.0,0.0,0.0,0.0,0.02,0.0,0.0,0.0,0.0,1.625
100,0.63,0.0,0.0,0.0,0.0,0.35000000000000003,0.0,0.0,0.0,0.0,0.0,0.0,0.02,0.0,0.0,0.0,0.0,1.635
101,0.6,0.0,0.0,0.0,0.0,0.38,0.0,0.0,0.0,0.0,0.0,0.0,0.02,0.0,0.0,0.0,0.0,1.643
102,0.72,0.0,0.0,0.0,0.0,0.23,0.0,0.0,0.0,0.0,0.0,0.0,0.05,0.0,0.0,0.0,0.0,1.617
103,0.7000000000000001,0.0,0.0,0.0,0.0,0.25,0.0,0.0,0.0,0.0,0.0,0.0,0.05,0.0,0.0,0.0,0.0,1.628
104,0.67,0.0,0.0,0.0,0.0,0.28,0.0,0.0,0.0,0.0,0.0,0.0,0.05,0.0,0.0,0.0,0.0,1.64
105,0.62,0.0,0.0,0.0,0.0,0.33,0.0,0.0,0.0,0.0,0.0,0.0,0.05,0.0,0.0,0.0,0.0,1.658
106,0.6,0.0,0.0,0.0,0.0,0.35000000000000003,0.0,0.0,0.0,0.0,0.0,0.0,0.05,0.0,0.0,0.0,0.0,1.663
107,0.58,0.0,0.0,0.0,0.0,0.37,0.0,0.0,0.0,0.0,0.0,0.0,0.05,0.0,0.0,0.0,0.0,1.673
108,0.7000000000000001,0.0,0.0,0.0,0.0,0.23,0.0,0.0,0.0,0.0,0.0,0.0,0.07,0.0,0.0,0.0,0.0,1.641
109,0.68,0.0,0.0,0.0,0.0,0.25,0.0,0.0,0.0,0.0,0.0,0.0,0.07,0.0,0.0,0.0,0.0,1.649
110,0.63,0.0,0.0,0.0,0.0,0.3,0.0,0.0,0.0,0.0,0.0,0.0,0.07,0.0,0.0,0.0,0.0,1.668
111,0.58,0.0,0.0,0.0,0.0,0.35000000000000003,0.0,0.0,0.0,0.0,0.0,0.0,0.07,0.0,0.0,0.0,0.0,1.682
112,0.55,0.0,0.0,0.0,0.0,0.38,0.0,0.0,0.0,0.0,0.0,0.0,0.07,0.0,0.0,0.0,0.0,1.691
113,0.7000000000000001,0.0,0.0,0.0,0.0,0.2,0.0,0.0,0.0,0.0,0.0,0.0,0.1,0.0,0.0,0.0,0.0,1.667
114,0.67,0.0,0.0,0.0,0.0,0.23,0.0,0.0,0.0,0.0,0.0,0.0,0.1,0.0,0.0,0.0,0.0,1.671
115,0.65,0.0,0.0,0.0,0.0,0.25,0.0,0.0,0.0,0.0,0.0,0.0,0.1,0.0,0.0,0.0,0.0,1.679
116,0.65,0.0,0.0,0.0,0.0,0.23,0.0,0.0,0.0,0.0,0.0,0.0,0.12,0.0,0.0,0.0,0.0,1.696
117,0.55,0.0,0.0,0.0,0.0,0.25,0.0,0.0,0.0,0.0,0.0,0.0,0.0,0.2,0.0,0.0,0.0,1.724
118,0.5,0.0,0.0,0.0,0.0,0.25,0.0,0.0,0.0,0.0,0.0,0.0,0.0,0.25,0.0,0.0,0.0,1.77
119,0.45,0.0,0.0,0.0,0.0,0.25,0.0,0.0,0.0,0.0,0.0,0.0,0.0,0.3,0.0,0.0,0.0,1.814
120,0.4,0.0,0.0,0.0,0.0,0.25,0.0,0.0,0.0,0.0,0.0,0.0,0.0,0.35000000000000003,0.0,0.0,0.0,1.857
121,0.65,0.0,0.0,0.0,0.0,0.3,0.0,0.0,0.0,0.0,0.0,0.0,0.0,0.05,0.0,0.0,0.0,1.628
122,0.6,0.0,0.0,0.0,0.0,0.3,0.0,0.0,0.0,0.0,0.0,0.0,0.0,0.1,0.0,0.0,0.0,1.668
123,0.55,0.0,0.0,0.0,0.0,0.3,0.0,0.0,0.0,0.0,0.0,0.0,0.0,0.15,0.0,0.0,0.0,1.708
124,0.5,0.0,0.0,0.0,0.0,0.3,0.0,0.0,0.0,0.0,0.0,0.0,0.0,0.2,0.0,0.0,0.0,1.748
125,0.45,0.0,0.0,0.0,0.0,0.3,0.0,0.0,0.0,0.0,0.0,0.0,0.0,0.25,0.0,0.0,0.0,1.789
126,0.4,0.0,0.0,0.0,0.0,0.3,0.0,0.0,0.0,0.0,0.0,0.0,0.0,0.3,0.0,0.0,0.0,1.829
127,0.6,0.0,0.0,0.0,0.0,0.35000000000000003,0.0,0.0,0.0,0.0,0.0,0.0,0.0,0.05,0.0,0.0,0.0,1.63
128,0.55,0.0,0.0,0.0,0.0,0.35000000000000003,0.0,0.0,0.0,0.0,0.0,0.0,0.0,0.1,0.0,0.0,0.0,1.687
129,0.5,0.0,0.0,0.0,0.0,0.35000000000000003,0.0,0.0,0.0,0.0,0.0,0.0,0.0,0.15,0.0,0.0,0.0,1.725
130,0.66,0.0,0.0,0.0,0.0,0.32,0.0,0.0,0.0,0.0,0.0,0.0,0.0,0.0,0.0,0.0,0.0,1.631
131,0.62,0.0,0.0,0.0,0.0,0.36,0.0,0.0,0.0,0.0,0.0,0.0,0.0,0.0,0.0,0.0,0.0,1.644
132,0.58,0.0,0.0,0.0,0.0,0.4,0.0,0.0,0.0,0.0,0.0,0.0,0.0,0.0,0.0,0.0,0.0,1.66
133,0.7000000000000001,0.0,0.0,0.0,0.0,0.28,0.0,0.0,0.0,0.0,0.0,0.0,0.0,0.0,0.0,0.0,0.0,1.608
134,0.68,0.0,0.0,0.0,0.0,0.3,0.0,0.0,0.0,0.0,0.0,0.0,0.0,0.0,0.0,0.0,0.0,1.618
135,0.65,0.0,0.0,0.0,0.0,0.33,0.0,0.0,0.0,0.0,0.0,0.0,0.0,0.0,0.0,0.0,0.0,1.634
136,0.63,0.0,0.0,0.0,0.0,0.35000000000000003,0.0,0.0,0.0,0.0,0.0,0.0,0.0,0.0,0.0,0.0,0.0,1.64
137,0.6,0.0,0.0,0.0,0.0,0.38,0.0,0.0,0.0,0.0,0.0,0.0,0.0,0.0,0.0,0.0,0.0,1.659
138,0.58,0.0,0.0,0.0,0.0,0.4,0.0,0.0,0.0,0.0,0.0,0.0,0.0,0.0,0.0,0.0,0.0,1.657
139,0.7000000000000001,0.0,0.0,0.0,0.0,0.28,0.0,0.0,0.0,0.0,0.0,0.0,0.0,0.0,0.0,0.0,0.0,1.612
140,0.9875,0.0,0.01,0.0,0.0,0.0,0.0,0.0,0.0,0.0,0.0,0.0,0.0,0.0,0.0,0.0,0.0,1.462
141,0.975,0.0,0.02,0.0,0.0,0.0,0.0,0.0,0.0,0.0,0.0,0.0,0.0,0.0,0.0,0.0,0.0,1.471
142,0.7532,0.0,0.0,0.0,0.0,0.0,0.0,0.2372,0.0,0.0096,0.0,0.0,0.0,0.0,0.0,0.0,0.0,1.497
143,0.7552,0.0,0.0,0.0,0.0,0.0,0.0,0.2181,0.0,0.026600000000000002,0.0,0.0,0.0,0.0,0.0,0.0,0.0,1.499
144,0.7589,0.0,0.0,0.0,0.0,0.0,0.0,0.2064,0.0,0.0346,0.0,0.0,0.0,0.0,0.0,0.0,0.0,1.498
145,0.7582,0.0,0.0,0.0,0.0,0.0,0.0,0.19510000000000002,0.0,0.0466,0.0,0.0,0.0,0.0,0.0,0.0,0.0,1.502
146,0.7774,0.0,0.0,0.0,0.0,0.0,0.0,0.1714,0.0,0.0512,0.0,0.0,0.0,0.0,0.0,0.0,0.0,1.499
147,0.7579000000000001,0.0,0.0,0.0,0.0,0.0,0.0,0.1562,0.0,0.0859,0.0,0.0,0.0,0.0,0.0,0.0,0.0,1.505
148,0.7522,0.0,0.0,0.0,0.0,0.0,0.0,0.2477,0.0,0.0,0.0,0.0,0.0,0.0,0.0,0.0,0.0,1.496
149,0.7133,0.0,0.0,0.057999999999999996,0.0,0.0,0.0,0.22870000000000001,0.0,0.0,0.0,0.0,0.0,0.0,0.0,0.0,0.0,1.502
150,0.6697,0.0,0.0,0.1131,0.0,0.0,0.0,0.21710000000000002,0.0,0.0,0.0,0.0,0.0,0.0,0.0,0.0,0.0,1.506
151,0.7133,0.0,0.0,0.0,0.059500000000000004,0.0,0.0,0.22719999999999999,0.0,0.0,0.0,0.0,0.0,0.0,0.0,0.0,0.0,1.512
152,0.6673,0.0,0.0,0.0,0.1192,0.0,0.0,0.21350000000000002,0.0,0.0,0.0,0.0,0.0,0.0,0.0,0.0,0.0,1.524
153,0.35000000000000003,0.0,0.0,0.0,0.0,0.3,0.0,0.0,0.0,0.0,0.0,0.0,0.0,0.35000000000000003,0.0,0.0,0.0,1.871
154,0.5,0.0,0.0,0.0,0.0,0.3,0.0,0.0,0.0,0.0,0.0,0.0,0.0,0.2,0.0,0.0,0.0,1.745
155,0.3,0.0,0.0,0.0,0.0,0.3,0.0,0.0,0.0,0.0,0.0,0.0,0.0,0.4,0.0,0.0,0.0,1.907
156,0.4999,0.0,0.0,0.0,0.5,0.0,0.0,0.0,0.0,0.0,0.0,0.0,0.0,0.0,0.0,0.0,0.0,1.625
157,0.5,0.0,0.0,0.0,0.4376,0.0,0.0,0.0,0.0,0.0,0.062400000000000004,0.0,0.0,0.0,0.0,0.0,0.0,1.625
158,0.5001,0.0,0.0,0.0,0.3125,0.0,0.0,0.0,0.0,0.0,0.18739999999999998,0.0,0.0,0.0,0.0,0.0,0.0,1.625
159,0.5,0.0,0.0,0.0,0.2187,0.0,0.0,0.0,0.0,0.0,0.2812,0.0,0.0,0.0,0.0,0.0,0.0,1.625
160,0.5001,0.0,0.0,0.0,0.1875,0.0,0.0,0.0,0.0,0.0,0.3123,0.0,0.0,0.0,0.0,0.0,0.0,1.626
161,0.5001,0.0,0.0,0.0,0.0,0.0,0.0,0.0,0.0,0.0,0.4999,0.0,0.0,0.0,0.0,0.0,0.0,1.629
162,0.4999,0.0,0.0,0.0,0.3751,0.125,0.0,0.0,0.0,0.0,0.0,0.0,0.0,0.0,0.0,0.0,0.0,1.631
163,0.5,0.0,0.0,0.0,0.3,0.1999,0.0,0.0,0.0,0.0,0.0,0.0,0.0,0.0,0.0,0.0,0.0,1.636
164,0.5001,0.0,0.0,0.0,0.25,0.24989999999999998,0.0,0.0,0.0,0.0,0.0,0.0,0.0,0.0,0.0,0.0,0.0,1.64
165,0.5,0.0,0.0,0.0,0.20010000000000003,0.2999,0.0,0.0,0.0,0.0,0.0,0.0,0.0,0.0,0.0,0.0,0.0,1.645
166,0.5,0.0,0.0,0.0,0.1251,0.3749,0.0,0.0,0.0,0.0,0.0,0.0,0.0,0.0,0.0,0.0,0.0,1.653
167,0.6505,0.0,0.0,0.0,0.0,0.3204,0.0,0.0,0.0,0.0291,0.0,0.0,0.0,0.0,0.0,0.0,0.0,1.608
168,0.6,0.0,0.0,0.0,0.0,0.3111,0.0,0.0,0.0,0.0889,0.0,0.0,0.0,0.0,0.0,0.0,0.0,1.607
169,0.54,0.0,0.0,0.0,0.0,0.16,0.0,0.0,0.0,0.3,0.0,0.0,0.0,0.0,0.0,0.0,0.0,1.635
170,0.62,0.0,0.0,0.0,0.0,0.14,0.0,0.0,0.0,0.24,0.0,0.0,0.0,0.0,0.0,0.0,0.0,1.608
171,0.56,0.0,0.0,0.0,0.0,0.14,0.0,0.0,0.0,0.3,0.0,0.0,0.0,0.0,0.0,0.0,0.0,1.626
172,0.5333,0.0,0.0,0.0,0.0,0.1333,0.0,0.0,0.0,0.3333,0.0,0.0,0.0,0.0,0.0,0.0,0.0,1.618
173,0.46,0.0,0.0,0.0,0.0,0.12,0.0,0.0,0.0,0.42,0.0,0.0,0.0,0.0,0.0,0.0,0.0,1.665
174,0.64,0.0,0.08,0.0,0.0,0.28,0.0,0.0,0.0,0.0,0.0,0.0,0.0,0.0,0.0,0.0,0.0,1.594
175,0.52,0.0,0.08,0.0,0.0,0.4,0.0,0.0,0.0,0.0,0.0,0.0,0.0,0.0,0.0,0.0,0.0,1.631
176,0.6,0.0,0.1,0.0,0.0,0.3,0.0,0.0,0.0,0.0,0.0,0.0,0.0,0.0,0.0,0.0,0.0,1.599
177,0.58,0.0,0.1,0.0,0.0,0.32,0.0,0.0,0.0,0.0,0.0,0.0,0.0,0.0,0.0,0.0,0.0,1.605
178,0.56,0.0,0.1,0.0,0.0,0.34,0.0,0.0,0.0,0.0,0.0,0.0,0.0,0.0,0.0,0.0,0.0,1.613
179,0.54,0.0,0.1,0.0,0.0,0.36,0.0,0.0,0.0,0.0,0.0,0.0,0.0,0.0,0.0,0.0,0.0,1.62
180,0.46,0.0,0.12,0.0,0.0,0.42,0.0,0.0,0.0,0.0,0.0,0.0,0.0,0.0,0.0,0.0,0.0,1.64
181,0.44,0.0,0.12,0.0,0.0,0.44,0.0,0.0,0.0,0.0,0.0,0.0,0.0,0.0,0.0,0.0,0.0,1.646
182,0.42,0.0,0.12,0.0,0.0,0.46,0.0,0.0,0.0,0.0,0.0,0.0,0.0,0.0,0.0,0.0,0.0,1.653
183,0.42,0.0,0.14,0.0,0.0,0.44,0.0,0.0,0.0,0.0,0.0,0.0,0.0,0.0,0.0,0.0,0.0,1.65
184,0.44,0.0,0.16,0.0,0.0,0.4,0.0,0.0,0.0,0.0,0.0,0.0,0.0,0.0,0.0,0.0,0.0,1.637
185,0.42,0.0,0.16,0.0,0.0,0.42,0.0,0.0,0.0,0.0,0.0,0.0,0.0,0.0,0.0,0.0,0.0,1.643
186,0.58,0.0,0.0,0.0,0.0,0.32,0.0,0.0,0.0,0.0,0.0,0.0,0.1,0.0,0.0,0.0,0.0,1.699
187,0.0668,0.0,0.0,0.0,0.0,0.0,0.0,0.0668,0.0,0.0,0.0,0.0,0.0,0.0,0.8664000000000001,0.0,0.0,1.63
188,0.0689,0.0,0.0,0.0,0.0,0.0,0.0,0.0689,0.0,0.0,0.0,0.0,0.0,0.0,0.8622,0.0,0.0,1.632
189,0.07150000000000001,0.0,0.0,0.0,0.0,0.0,0.0,0.07150000000000001,0.0,0.0,0.0,0.0,0.0,0.0,0.8570000000000001,0.0,0.0,1.635
190,0.0734,0.0,0.0,0.0,0.0,0.0,0.0,0.0734,0.0,0.0,0.0,0.0,0.0,0.0,0.8531000000000001,0.0,0.0,1.636
191,0.0759,0.0,0.0,0.0,0.0,0.0,0.0,0.0759,0.0,0.0,0.0,0.0,0.0,0.0,0.8482,0.0,0.0,1.638
192,0.0784,0.0,0.0,0.0,0.0,0.0,0.0,0.0784,0.0,0.0,0.0,0.0,0.0,0.0,0.8432,0.0,0.0,1.64
193,0.08130000000000001,0.0,0.0,0.0,0.0,0.0,0.0,0.08130000000000001,0.0,0.0,0.0,0.0,0.0,0.0,0.8373999999999999,0.0,0.0,1.644
194,0.0839,0.0,0.0,0.0,0.0,0.0,0.0,0.0839,0.0,0.0,0.0,0.0,0.0,0.0,0.8322,0.0,0.0,1.643
195,0.08720000000000001,0.0,0.0,0.0,0.0,0.0,0.0,0.08720000000000001,0.0,0.0,0.0,0.0,0.0,0.0,0.8255,0.0,0.0,1.644
196,0.09050000000000001,0.0,0.0,0.0,0.0,0.0,0.0,0.09050000000000001,0.0,0.0,0.0,0.0,0.0,0.0,0.8189000000000001,0.0,0.0,1.645
197,0.1023,0.0,0.0,0.0,0.0,0.0,0.0,0.1023,0.0,0.0,0.0,0.0,0.0,0.0,0.7953,0.0,0.0,1.647
198,0.1066,0.0,0.0,0.0,0.0,0.0,0.0,0.1066,0.0,0.0,0.0,0.0,0.0,0.0,0.7868,0.0,0.0,1.647
199,0.0907,0.0,0.0,0.0,0.0,0.0,0.0,0.2663,0.0,0.0,0.0,0.0,0.0,0.0,0.643,0.0,0.0,1.62
200,0.09609999999999999,0.0,0.0,0.0,0.0,0.0,0.0,0.2227,0.0,0.0,0.0,0.0,0.0,0.0,0.6812,0.0,0.0,1.64
201,0.0,0.8,0.0,0.0,0.0,0.0,0.2,0.0,0.0,0.0,0.0,0.0,0.0,0.0,0.0,0.0,0.0,1.521
202,0.0,0.75,0.0,0.0,0.0,0.0,0.25,0.0,0.0,0.0,0.0,0.0,0.0,0.0,0.0,0.0,0.0,1.533
203,0.0,0.7000000000000001,0.0,0.0,0.0,0.0,0.3,0.0,0.0,0.0,0.0,0.0,0.0,0.0,0.0,0.0,0.0,1.548
204,0.0,0.65,0.0,0.0,0.0,0.0,0.35000000000000003,0.0,0.0,0.0,0.0,0.0,0.0,0.0,0.0,0.0,0.0,1.558
205,0.0,0.8,0.0,0.0,0.0,0.0,0.0,0.2,0.0,0.0,0.0,0.0,0.0,0.0,0.0,0.0,0.0,1.479
206,0.0,0.75,0.0,0.0,0.0,0.0,0.0,0.25,0.0,0.0,0.0,0.0,0.0,0.0,0.0,0.0,0.0,1.503
207,0.0,0.7000000000000001,0.0,0.0,0.0,0.0,0.0,0.3,0.0,0.0,0.0,0.0,0.0,0.0,0.0,0.0,0.0,1.509
208,0.0,0.65,0.0,0.0,0.0,0.0,0.0,0.35000000000000003,0.0,0.0,0.0,0.0,0.0,0.0,0.0,0.0,0.0,1.517
209,0.0,0.8,0.0,0.0,0.0,0.0,0.0,0.0,0.2,0.0,0.0,0.0,0.0,0.0,0.0,0.0,0.0,1.485
210,0.0,0.75,0.0,0.0,0.0,0.0,0.0,0.0,0.25,0.0,0.0,0.0,0.0,0.0,0.0,0.0,0.0,1.492
211,0.0,0.7000000000000001,0.0,0.0,0.0,0.0,0.0,0.0,0.3,0.0,0.0,0.0,0.0,0.0,0.0,0.0,0.0,1.498
212,0.0,0.65,0.0,0.0,0.0,0.0,0.0,0.0,0.35000000000000003,0.0,0.0,0.0,0.0,0.0,0.0,0.0,0.0,1.502
213,0.0,0.65,0.0,0.0,0.35000000000000003,0.0,0.0,0.0,0.0,0.0,0.0,0.0,0.0,0.0,0.0,0.0,0.0,1.599
214,0.0,0.7000000000000001,0.0,0.0,0.0,0.0,0.0,0.0,0.0,0.0,0.3,0.0,0.0,0.0,0.0,0.0,0.0,1.591
215,0.0,0.65,0.0,0.0,0.0,0.0,0.0,0.0,0.0,0.0,0.35000000000000003,0.0,0.0,0.0,0.0,0.0,0.0,1.607
216,0.0,0.8,0.0,0.0,0.0,0.2,0.0,0.0,0.0,0.0,0.0,0.0,0.0,0.0,0.0,0.0,0.0,1.564
217,0.0,0.75,0.0,0.0,0.0,0.25,0.0,0.0,0.0,0.0,0.0,0.0,0.0,0.0,0.0,0.0,0.0,1.588
218,0.0,0.7000000000000001,0.0,0.0,0.0,0.3,0.0,0.0,0.0,0.0,0.0,0.0,0.0,0.0,0.0,0.0,0.0,1.607
219,0.0,0.65,0.0,0.0,0.0,0.35000000000000003,0.0,0.0,0.0,0.0,0.0,0.0,0.0,0.0,0.0,0.0,0.0,1.623
220,0.0,0.793,0.0,0.0,0.0,0.207,0.0,0.0,0.0,0.0,0.0,0.0,0.0,0.0,0.0,0.0,0.0,1.558
221,0.0,0.767,0.0,0.0,0.0,0.233,0.0,0.0,0.0,0.0,0.0,0.0,0.0,0.0,0.0,0.0,0.0,1.571
222,0.0,0.74,0.0,0.0,0.0,0.26,0.0,0.0,0.0,0.0,0.0,0.0,0.0,0.0,0.0,0.0,0.0,1.583
223,0.0,0.715,0.0,0.0,0.0,0.28500000000000003,0.0,0.0,0.0,0.0,0.0,0.0,0.0,0.0,0.0,0.0,0.0,1.596
224,0.0,0.6920000000000001,0.0,0.0,0.0,0.308,0.0,0.0,0.0,0.0,0.0,0.0,0.0,0.0,0.0,0.0,0.0,1.606
225,0.0,0.6659999999999999,0.0,0.0,0.0,0.334,0.0,0.0,0.0,0.0,0.0,0.0,0.0,0.0,0.0,0.0,0.0,1.616
226,0.0,0.642,0.0,0.0,0.0,0.358,0.0,0.0,0.0,0.0,0.0,0.0,0.0,0.0,0.0,0.0,0.0,1.625
227,0.0,0.614,0.0,0.0,0.0,0.386,0.0,0.0,0.0,0.0,0.0,0.0,0.0,0.0,0.0,0.0,0.0,1.632
228,0.0,0.6,0.0,0.0,0.0,0.4,0.0,0.0,0.0,0.0,0.0,0.0,0.0,0.0,0.0,0.0,0.0,1.637
229,0.0,0.789,0.0,0.0,0.0,0.21100000000000002,0.0,0.0,0.0,0.0,0.0,0.0,0.0,0.0,0.0,0.0,0.0,1.56
230,0.0,0.6890000000000001,0.0,0.0,0.0,0.311,0.0,0.0,0.0,0.0,0.0,0.0,0.0,0.0,0.0,0.0,0.0,1.608
231,0.0,0.5,0.0,0.0,0.0,0.0,0.0,0.0,0.0,0.5,0.0,0.0,0.0,0.0,0.0,0.0,0.0,1.645
232,0.0,0.0,0.0,0.0,0.0,0.0,0.0,0.0,0.0,0.0,0.0,0.0,0.0,0.15,0.85,0.0,0.0,1.65
233,0.0,0.0,0.0,0.0,0.0,0.0,0.0,0.334,0.0,0.0,0.0,0.0,0.0,0.33299999999999996,0.33299999999999996,0.0,0.0,1.768
234,0.0,0.0,0.0,0.0,0.0,0.0,0.0,0.25,0.0,0.0,0.0,0.0,0.0,0.25,0.5,0.0,0.0,1.774
235,0.0,0.0,0.0,0.0,0.0,0.0,0.0,0.05,0.0,0.0,0.0,0.0,0.0,0.05,0.9,0.0,0.0,1.679
236,0.7068000000000001,0.2777,0.0,0.0,0.0,0.0,0.0,0.0,0.0144,0.0,0.0,0.0,0.0,0.0,0.0,0.0,0.0,1.461
237,0.0,0.0,0.0,0.0,0.0,0.0,0.0,0.0,0.0,0.0,0.0,0.0,0.0,0.0,1.0,0.0,0.0,1.604
238,0.0,0.0,0.0,0.0,0.0,0.0,0.0,0.0,0.0,0.0,0.0,0.4,0.0,0.0,0.6,0.0,0.0,1.654
239,0.0,0.75,0.0,0.0,0.0,0.0,0.0,0.0,0.0,0.0,0.0,0.0,0.25,0.0,0.0,0.0,0.0,1.726
240,0.0,0.0,0.0,0.5,0.0,0.0,0.0,0.0,0.0,0.0,0.0,0.0,0.0,0.0,0.0,0.0,0.5,1.492
241,0.0,0.0,0.0,0.0,0.5,0.0,0.0,0.0,0.0,0.0,0.0,0.0,0.0,0.0,0.0,0.0,0.5,1.545
242,0.0,0.0,0.0,0.0,0.0,0.0,0.0,0.0,0.0,0.5,0.0,0.0,0.0,0.0,0.0,0.0,0.5,1.516
243,0.0,0.0,0.0,0.0,0.0,0.0,0.0,0.0,0.0,0.0,0.5,0.0,0.0,0.0,0.0,0.0,0.5,1.556
244,0.0,0.0,0.0,0.0,0.0,0.5,0.0,0.0,0.0,0.0,0.0,0.0,0.0,0.0,0.0,0.0,0.5,1.582
245,0.0,0.0,0.0,0.0,0.0,0.0,0.0,0.0,0.0,0.0,0.0,0.5,0.0,0.0,0.0,0.0,0.5,1.718
246,0.0,0.0,0.25,0.0,0.0,0.0,0.0,0.0,0.0,0.0,0.0,0.0,0.0,0.0,0.0,0.0,0.75,1.524
247,0.0,0.0,0.0,0.0,0.0,0.0,0.0,0.0,0.0,0.0,0.0,0.0,0.25,0.0,0.0,0.0,0.75,1.591
248,0.0,0.6900000000000001,0.0,0.0,0.0,0.305,0.0,0.0,0.0,0.0,0.0,0.0,0.0,0.0,0.0,0.0,0.0,1.617
249,0.0,0.6900000000000001,0.0,0.0,0.0,0.3,0.0,0.0,0.0,0.0,0.0,0.0,0.0,0.0,0.0,0.0,0.0,1.64
250,0.0,0.5,0.0,0.0,0.0,0.4,0.0,0.0,0.0,0.0,0.0,0.0,0.0,0.1,0.0,0.0,0.0,1.678
251,0.0,0.55,0.0,0.0,0.0,0.4,0.0,0.0,0.0,0.0,0.0,0.0,0.0,0.05,0.0,0.0,0.0,1.658
252,0.0,0.45,0.0,0.0,0.0,0.4,0.0,0.0,0.0,0.0,0.0,0.0,0.0,0.15,0.0,0.0,0.0,1.721
253,0.0,0.4,0.0,0.0,0.0,0.4,0.0,0.0,0.0,0.0,0.0,0.0,0.0,0.2,0.0,0.0,0.0,1.722
254,0.0,0.3,0.0,0.0,0.0,0.4,0.0,0.0,0.0,0.0,0.0,0.0,0.0,0.3,0.0,0.0,0.0,1.836
255,0.0,0.25,0.0,0.0,0.0,0.3,0.0,0.0,0.0,0.0,0.0,0.0,0.0,0.05,0.4,0.0,0.0,1.721
256,0.0,0.2,0.0,0.0,0.0,0.3,0.0,0.0,0.0,0.0,0.0,0.0,0.0,0.1,0.4,0.0,0.0,1.756
257,0.0,0.1,0.0,0.0,0.0,0.3,0.0,0.0,0.0,0.0,0.0,0.0,0.0,0.2,0.4,0.0,0.0,1.828
258,0.0,0.7125,0.0,0.0,0.0,0.0475,0.0,0.0,0.0,0.0,0.0,0.05,0.19,0.0,0.0,0.0,0.0,1.681
259,0.0,0.6,0.0,0.0,0.0,0.04,0.0,0.0,0.0,0.0,0.0,0.2,0.16,0.0,0.0,0.0,0.0,1.727
260,0.0,0.6375000000000001,0.0,0.0,0.0,0.0425,0.0,0.0,0.0,0.0,0.0,0.15,0.17,0.0,0.0,0.0,0.0,1.719
261,0.0,0.675,0.0,0.0,0.0,0.045,0.0,0.0,0.0,0.0,0.0,0.1,0.18,0.0,0.0,0.0,0.0,1.701
262,0.0,0.3,0.0,0.0,0.0,0.22,0.0,0.0,0.0,0.0,0.0,0.38,0.1,0.0,0.0,0.0,0.0,1.861
263,0.0,0.75,0.0,0.0,0.0,0.05,0.0,0.0,0.0,0.0,0.0,0.0,0.2,0.0,0.0,0.0,0.0,1.674
264,0.0,0.55,0.0,0.0,0.0,0.35000000000000003,0.0,0.0,0.0,0.0,0.0,0.0,0.1,0.0,0.0,0.0,0.0,1.672
265,0.0,0.8,0.0,0.0,0.0,0.1,0.0,0.0,0.0,0.0,0.0,0.0,0.1,0.0,0.0,0.0,0.0,1.652
266,0.0,0.75,0.0,0.0,0.0,0.2,0.0,0.0,0.0,0.0,0.0,0.0,0.05,0.0,0.0,0.0,0.0,1.601
267,1.0,0.0,0.0,0.0,0.0,0.0,0.0,0.0,0.0,0.0,0.0,0.0,0.0,0.0,0.0,0.0,0.0,1.455
268,1.0,0.0,0.0,0.0,0.0,0.0,0.0,0.0,0.0,0.0,0.0,0.0,0.0,0.0,0.0,0.0,0.0,1.457
269,0.9464,0.0,0.0,0.0,0.0,0.0,0.0,0.0,0.0,0.0,0.0,0.0,0.0,0.0536,0.0,0.0,0.0,1.48
270,0.9995999999999999,0.0,0.0,0.0,0.0,0.0,0.0,0.0,0.0,0.0,0.0,0.0,0.0,0.0,0.0,0.0,0.0,1.456
271,1.0,0.0,0.0,0.0,0.0,0.0,0.0,0.0,0.0,0.0,0.0,0.0,0.0,0.0,0.0,0.0,0.0,1.456
272,0.9958,0.0,0.0,0.0,0.0,0.0,0.0,0.0,0.0,0.0,0.0,0.0,0.0,0.0,0.0,0.0,0.0,1.456
273,0.9993000000000001,0.0,0.0,0.0,0.0,0.0,0.0,0.0,0.0,0.0,0.0,0.0,0.0,0.0,0.0,0.0,0.0,1.456
274,0.9972,0.0,0.0,0.0,0.0,0.0,0.0,0.0,0.0,0.0,0.0,0.0,0.0,0.0,0.0,0.0,0.0,1.456
275,0.6,0.0,0.1,0.3,0.0,0.0,0.0,0.0,0.0,0.0,0.0,0.0,0.0,0.0,0.0,0.0,0.0,1.548
276,0.6,0.0,0.1,0.25,0.0,0.0,0.0,0.0,0.0,0.0,0.0,0.0,0.05,0.0,0.0,0.0,0.0,1.599
277,0.6,0.0,0.1,0.2,0.0,0.0,0.0,0.0,0.0,0.0,0.0,0.0,0.1,0.0,0.0,0.0,0.0,1.643
278,0.6,0.0,0.1,0.15,0.0,0.0,0.0,0.0,0.0,0.0,0.0,0.0,0.15,0.0,0.0,0.0,0.0,1.685
279,0.6,0.0,0.1,0.0,0.2,0.0,0.0,0.0,0.0,0.0,0.0,0.0,0.1,0.0,0.0,0.0,0.0,1.655
280,0.6,0.0,0.1,0.0,0.0,0.0,0.0,0.0,0.0,0.0,0.2,0.0,0.1,0.0,0.0,0.0,0.0,1.653
281,0.65,0.0,0.1,0.0,0.0,0.1,0.0,0.0,0.0,0.0,0.0,0.0,0.15,0.0,0.0,0.0,0.0,1.674
282,0.1304,0.0,0.21739999999999998,0.0,0.0,0.21739999999999998,0.0,0.0,0.0,0.10869999999999999,0.0,0.0,0.3261,0.0,0.0,0.0,0.0,1.691
283,0.55,0.0,0.1,0.0,0.0,0.15,0.0,0.0,0.0,0.05,0.0,0.0,0.15,0.0,0.0,0.0,0.0,1.706
284,0.6,0.0,0.1,0.1,0.0,0.1,0.0,0.0,0.0,0.0,0.0,0.0,0.1,0.0,0.0,0.0,0.0,1.651
285,0.6,0.0,0.1,0.1,0.0,0.0,0.0,0.0,0.0,0.05,0.0,0.0,0.15,0.0,0.0,0.0,0.0,1.69
286,0.6675,0.0,0.0,0.0,0.0,0.0,0.0,0.0,0.0,0.0,0.3325,0.0,0.0,0.0,0.0,0.0,0.0,1.581
287,0.633,0.0,0.0,0.0,0.0,0.0,0.0,0.0,0.0,0.0,0.36700000000000005,0.0,0.0,0.0,0.0,0.0,0.0,1.589
288,0.535,0.0,0.0,0.0,0.0,0.0,0.0,0.0,0.0,0.0,0.465,0.0,0.0,0.0,0.0,0.0,0.0,1.621
289,0.501,0.0,0.0,0.0,0.0,0.0,0.0,0.0,0.0,0.0,0.499,0.0,0.0,0.0,0.0,0.0,0.0,1.629
290,0.459,0.0,0.0,0.0,0.0,0.0,0.0,0.0,0.0,0.0,0.541,0.0,0.0,0.0,0.0,0.0,0.0,1.641
291,0.757,0.0,0.0,0.0,0.0,0.24300000000000002,0.0,0.0,0.0,0.0,0.0,0.0,0.0,0.0,0.0,0.0,0.0,1.564
292,0.7190000000000001,0.0,0.0,0.0,0.0,0.281,0.0,0.0,0.0,0.0,0.0,0.0,0.0,0.0,0.0,0.0,0.0,1.582
293,0.667,0.0,0.0,0.0,0.0,0.33299999999999996,0.0,0.0,0.0,0.0,0.0,0.0,0.0,0.0,0.0,0.0,0.0,1.605
294,0.579,0.0,0.0,0.0,0.0,0.42100000000000004,0.0,0.0,0.0,0.0,0.0,0.0,0.0,0.0,0.0,0.0,0.0,1.641
295,0.0,0.625,0.0,0.0,0.225,0.075,0.0,0.0,0.075,0.0,0.0,0.0,0.0,0.0,0.0,0.0,0.0,1.578
296,0.0,0.75,0.0,0.0,0.15,0.05,0.0,0.0,0.05,0.0,0.0,0.0,0.0,0.0,0.0,0.0,0.0,1.546
297,0.0,0.85,0.0,0.0,0.09,0.03,0.0,0.0,0.03,0.0,0.0,0.0,0.0,0.0,0.0,0.0,0.0,1.516
298,0.0,0.5,0.0,0.0,0.0,0.0,0.0,0.0,0.0,0.4,0.0,0.0,0.1,0.0,0.0,0.0,0.0,1.715
299,0.0,0.55,0.0,0.0,0.0,0.0,0.0,0.0,0.0,0.4,0.0,0.0,0.05,0.0,0.0,0.0,0.0,1.672
300,0.0,0.45,0.0,0.0,0.0,0.0,0.0,0.0,0.0,0.5,0.0,0.0,0.05,0.0,0.0,0.0,0.0,1.69
301,0.0,0.65,0.0,0.0,0.0,0.3,0.0,0.0,0.0,0.0,0.0,0.0,0.05,0.0,0.0,0.0,0.0,1.656
302,0.0,0.7000000000000001,0.0,0.0,0.0,0.25,0.0,0.0,0.0,0.0,0.0,0.0,0.05,0.0,0.0,0.0,0.0,1.643
303,0.0,0.7000000000000001,0.0,0.0,0.0,0.3,0.0,0.0,0.0,0.0,0.0,0.0,0.0,0.0,0.0,0.0,0.0,1.608
304,0.0,0.8,0.0,0.0,0.0,0.2,0.0,0.0,0.0,0.0,0.0,0.0,0.0,0.0,0.0,0.0,0.0,1.56
305,0.5529000000000001,0.0645,0.0,0.0,0.0,0.2576,0.0,0.0,0.0248,0.0849,0.0,0.012,0.0,0.0,0.0,0.0,0.0,1.618
306,0.6263000000000001,0.045,0.0,0.0,0.0,0.1509,0.0,0.0253,0.050800000000000005,0.09630000000000001,0.0,0.0,0.0,0.0,0.0,0.0,0.0,1.57
307,0.7256999999999999,0.0736,0.0,0.0,0.0,0.0334,0.0,0.1034,0.0408,0.0225,0.0,0.0,0.0,0.0,0.0,0.0,0.0,1.517
308,0.7534000000000001,0.033100000000000004,0.0,0.0,0.0,0.0418,0.0,0.12789999999999999,0.035,0.008,0.0,0.0,0.0,0.0,0.0,0.0,0.0,1.515
309,0.7517,0.018600000000000002,0.0,0.0,0.0,0.0716,0.0,0.021,0.0679,0.023799999999999998,0.0,0.0438,0.0,0.0,0.0,0.0,0.0,1.549
310,0.7548,0.0,0.0,0.0,0.0294,0.0,0.0,0.013500000000000002,0.06820000000000001,0.0,0.0,0.13269999999999998,0.0,0.0,0.0,0.0,0.0,1.577
311,0.6718000000000001,0.0,0.0,0.0,0.048600000000000004,0.0,0.0,0.0513,0.04820000000000001,0.0,0.0,0.17920000000000003,0.0,0.0,0.0,0.0,0.0,1.62
312,0.6271,0.0,0.0,0.0,0.0688,0.0,0.0,0.0467,0.040999999999999995,0.0,0.0,0.2121,0.0,0.0,0.0,0.0,0.0,1.65
313,0.6676000000000001,0.0,0.0,0.0,0.0,0.0,0.0,0.0,0.0,0.0,0.33240000000000003,0.0,0.0,0.0,0.0,0.0,0.0,1.581
314,0.6329,0.0,0.0,0.0,0.0,0.0,0.0,0.0,0.0,0.0,0.36700000000000005,0.0,0.0,0.0,0.0,0.0,0.0,1.589
315,0.5347999999999999,0.0,0.0,0.0,0.0,0.0,0.0,0.0,0.0,0.0,0.46520000000000006,0.0,0.0,0.0,0.0,0.0,0.0,1.621
316,0.4593,0.0,0.0,0.0,0.0,0.0,0.0,0.0,0.0,0.0,0.5407000000000001,0.0,0.0,0.0,0.0,0.0,0.0,1.641
317,0.7572,0.0,0.0,0.0,0.0,0.24280000000000002,0.0,0.0,0.0,0.0,0.0,0.0,0.0,0.0,0.0,0.0,0.0,1.564
318,0.7184999999999999,0.0,0.0,0.0,0.0,0.2815,0.0,0.0,0.0,0.0,0.0,0.0,0.0,0.0,0.0,0.0,0.0,1.582
319,0.6672,0.0,0.0,0.0,0.0,0.33280000000000004,0.0,0.0,0.0,0.0,0.0,0.0,0.0,0.0,0.0,0.0,0.0,1.605
320,0.5787,0.0,0.0,0.0,0.0,0.42119999999999996,0.0,0.0,0.0,0.0,0.0,0.0,0.0,0.0,0.0,0.0,0.0,1.641
321,0.5,0.0,0.0,0.0,0.454,0.0,0.0,0.0,0.0,0.0,0.046,0.0,0.0,0.0,0.0,0.0,0.0,1.625
322,0.5,0.0,0.0,0.0,0.3506,0.0,0.0,0.0,0.0,0.0,0.1493,0.0,0.0,0.0,0.0,0.0,0.0,1.625
323,0.5001,0.0,0.0,0.0,0.22899999999999998,0.0,0.0,0.0,0.0,0.0,0.27090000000000003,0.0,0.0,0.0,0.0,0.0,0.0,1.626
324,0.4999,0.0,0.0,0.0,0.3669,0.1331,0.0,0.0,0.0,0.0,0.0,0.0,0.0,0.0,0.0,0.0,0.0,1.636
325,0.5,0.0,0.0,0.0,0.32380000000000003,0.17620000000000002,0.0,0.0,0.0,0.0,0.0,0.0,0.0,0.0,0.0,0.0,0.0,1.64
326,0.5,0.0,0.0,0.0,0.27530000000000004,0.22469999999999998,0.0,0.0,0.0,0.0,0.0,0.0,0.0,0.0,0.0,0.0,0.0,1.645
327,0.4999,0.0,0.0,0.0,0.18989999999999999,0.31010000000000004,0.0,0.0,0.0,0.0,0.0,0.0,0.0,0.0,0.0,0.0,0.0,1.653
328,0.4999,0.0,0.0,0.0,0.0,0.5,0.0,0.0,0.0,0.0,0.0,0.0,0.0,0.0,0.0,0.0,0.0,1.668
329,0.0,0.1107,0.0,0.0,0.0,0.0134,0.0,0.08720000000000001,0.0591,0.0,0.0,0.0,0.0,0.0,0.7288,0.0,0.0,1.639
330,0.0,0.0364,0.0,0.0,0.0,0.15660000000000002,0.0,0.0,0.0706,0.0949,0.0,0.0,0.0,0.0,0.6395000000000001,0.0,0.0,1.686
331,0.0,0.0,0.0,0.0,0.0,0.0022,0.0,0.0,0.0655,0.0,0.0,0.19460000000000002,0.0,0.0,0.7356,0.0,0.0,1.772
332,0.0,0.0022,0.0,0.0,0.11,0.0,0.0,0.1527,0.0,0.0,0.0,0.0,0.0,0.0,0.7293000000000001,0.0,0.0,1.678
333,0.75,0.0,0.0,0.0,0.0,0.0,0.0,0.25,0.0,0.0,0.0,0.0,0.0,0.0,0.0,0.0,0.0,1.496
334,0.75,0.0,0.0,0.0579,0.0,0.0,0.0,0.19210000000000002,0.0,0.0,0.0,0.0,0.0,0.0,0.0,0.0,0.0,1.502
335,0.75,0.0,0.0,0.1128,0.0,0.0,0.0,0.13720000000000002,0.0,0.0,0.0,0.0,0.0,0.0,0.0,0.0,0.0,1.506
336,0.75,0.0,0.0,0.0,0.0596,0.0,0.0,0.19039999999999999,0.0,0.0,0.0,0.0,0.0,0.0,0.0,0.0,0.0,1.512
337,0.75,0.0,0.0,0.0,0.1191,0.0,0.0,0.1309,0.0,0.0,0.0,0.0,0.0,0.0,0.0,0.0,0.0,1.524
338,0.75,0.0,0.0609,0.0,0.0,0.0,0.0,0.18910000000000002,0.0,0.0,0.0,0.0,0.0,0.0,0.0,0.0,0.0,1.499
339,0.75,0.0,0.11470000000000001,0.0,0.0,0.0,0.0,0.1353,0.0,0.0,0.0,0.0,0.0,0.0,0.0,0.0,0.0,1.499
340,0.5941,0.18480000000000002,0.024900000000000002,0.0,0.0,0.0,0.0,0.19510000000000002,0.0,0.0,0.0,0.0,0.0,0.0,0.0,0.0,0.0,1.487
341,0.7299,0.09609999999999999,0.0,0.0,0.0,0.0116,0.0,0.1617,0.0,0.0,0.0,0.0,0.0,0.0,0.0,0.0,0.0,1.514
342,0.7475,0.0,0.0037,0.0,0.0517,0.0,0.0,0.1959,0.0,0.0,0.0,0.0,0.0,0.0,0.0,0.0,0.0,1.498
343,0.6077,0.13460000000000003,0.0070999999999999995,0.0,0.0072,0.029500000000000002,0.0,0.2023,0.0,0.0,0.0,0.010900000000000002,0.0,0.0,0.0,0.0,0.0,1.536
344,0.5992000000000001,0.0698,0.0125,0.0,0.0,0.1359,0.0,0.0681,0.0,0.1127,0.0,0.0,0.0,0.0,0.0,0.0,0.0,1.573
345,0.5372,0.18309999999999998,0.0442,0.0,0.0,0.2349,0.0,0.0,0.0,0.0,0.0,0.0,0.0,0.0,0.0,0.0,0.0,1.584
346,0.5421,0.07769999999999999,0.0318,0.0,0.0,0.2411,0.0,0.0,0.0,0.0999,0.0,0.0049,0.0,0.0,0.0,0.0,0.0,1.61
347,0.7392000000000001,0.013999999999999999,0.0,0.0,0.045899999999999996,0.0,0.0,0.1721,0.0,0.0,0.0,0.0276,0.0,0.0,0.0,0.0,0.0,1.523
348,0.6011,0.10460000000000001,0.0,0.0,0.036000000000000004,0.0644,0.0,0.16620000000000001,0.0,0.0,0.0,0.0268,0.0,0.0,0.0,0.0,0.0,1.562
349,0.5372,0.0758,0.0309,0.0,0.0,0.24600000000000002,0.0,0.0,0.0,0.1023,0.0,0.0053,0.0,0.0,0.0,0.0,0.0,1.614
350,0.7554000000000001,0.0011,0.0,0.0,0.0045000000000000005,0.0,0.0,0.1503,0.0,0.0,0.0,0.0868,0.0,0.0,0.0,0.0,0.0,1.546
351,0.4979,0.059800000000000006,0.0,0.0,0.0,0.2372,0.0,0.0406,0.0,0.0977,0.0,0.0654,0.0,0.0,0.0,0.0,0.0,1.653
352,0.7384999999999999,0.0,0.0,0.0,0.0045000000000000005,0.0,0.0,0.146,0.0,0.0,0.0,0.1099,0.0,0.0,0.0,0.0,0.0,1.565
353,0.6894,0.0,0.0,0.0,0.008199999999999999,0.0,0.0,0.1216,0.0,0.0,0.0,0.1797,0.0,0.0,0.0,0.0,0.0,1.612
354,0.6954000000000001,0.010900000000000002,0.0,0.0,0.008199999999999999,0.0,0.0,0.0936,0.0,0.0,0.0,0.19090000000000001,0.0,0.0,0.0,0.0,0.0,1.621
355,0.6563,0.0063,0.0,0.0,0.0,0.0,0.0,0.1183,0.0,0.0,0.0,0.21710000000000002,0.0,0.0,0.0,0.0,0.0,1.645
356,0.6296,0.0,0.0,0.0,0.0378,0.0,0.0,0.0852,0.0,0.0,0.0,0.24600000000000002,0.0,0.0,0.0,0.0,0.0,1.676
357,0.6472,0.0,0.0,0.0,0.0,0.0,0.0,0.0,0.0601,0.0,0.0,0.2908,0.0,0.0,0.0,0.0,0.0,1.693
358,0.7236,0.12480000000000001,0.0,0.0,0.0,0.01,0.0,0.0475,0.0723,0.02,0.0,0.0,0.0,0.0,0.0,0.0,0.0,1.51461
359,0.7284999999999999,0.01,0.0,0.0,0.0998,0.0,0.0,0.05940000000000001,0.09029999999999999,0.01,0.0,0.0,0.0,0.0,0.0,0.0,0.0,1.52036
360,0.7086,0.0499,0.0,0.0,0.0,0.0848,0.015,0.04360000000000001,0.06620000000000001,0.029900000000000003,0.0,0.0,0.0,0.0,0.0,0.0,0.0,1.53842
361,0.5733,0.059800000000000006,0.0449,0.0,0.0,0.2493,0.0,0.0,0.0,0.059800000000000006,0.0,0.005,0.0,0.002,0.0,0.003,0.0,1.6137
362,0.505,0.125,0.015,0.0,0.0,0.24,0.0,0.0,0.0,0.035,0.0,0.0,0.02,0.024,0.0,0.036000000000000004,0.0,1.65233
363,0.81,0.0,0.0,0.0,0.0,0.0,0.0,0.0437,0.0663,0.035,0.0,0.03,0.0,0.0,0.0,0.0,0.0,1.5256
364,0.6979000000000001,0.024900000000000002,0.0,0.0,0.0,0.0698,0.0,0.0396,0.0601,0.06480000000000001,0.0,0.039900000000000005,0.0,0.0,0.0,0.0,0.0,1.55889
365,0.6587999999999999,0.0,0.0,0.0,0.0,0.0898,0.0,0.0349,0.0349,0.0898,0.0,0.0898,0.0,0.0,0.0,0.0,0.0,1.6013
366,0.6943,0.0,0.0,0.0,0.0,0.045,0.0,0.0357,0.0542,0.01,0.0,0.1598,0.0,0.0,0.0,0.0,0.0,1.61242
367,0.777,0.0101,0.0,0.0,0.0,0.0101,0.0,0.034,0.0669,0.0,0.0,0.1009,0.0,0.0,0.0,0.0,0.0,1.55495
368,0.7669,0.0,0.0,0.0,0.0,0.0101,0.0,0.034,0.0669,0.0,0.0,0.1211,0.0,0.0,0.0,0.0,0.0,1.56861
369,0.7343000000000001,0.0,0.0,0.0,0.0,0.0,0.0,0.0258,0.0392,0.005,0.0,0.1948,0.0,0.0,0.0,0.0,0.0,1.61218
370,0.6307,0.0,0.0,0.0,0.0,0.0,0.0,0.008100000000000001,0.0121,0.0,0.0,0.3481,0.0,0.0002,0.0,0.0003,0.0,1.74302
371,0.9983,0.0,0.0,0.0,0.0,0.0,0.0,0.0,0.0,0.0,0.0,0.0,0.0,0.0,0.0,0.0,0.0,1.459
372,0.6853,0.0,0.0,0.0,0.0,0.0,0.0,0.155,0.0182,0.0,0.0,0.0,0.0,0.0301,0.0,0.11140000000000001,0.0,1.583
373,0.0,0.6,0.0,0.0,0.0,0.0,0.3,0.0,0.0,0.0,0.1,0.0,0.0,0.0,0.0,0.0,0.0,1.581
374,0.0,0.6,0.0,0.0,0.0,0.0,0.2,0.0,0.0,0.0,0.2,0.0,0.0,0.0,0.0,0.0,0.0,1.597
375,0.0,0.5,0.0,0.0,0.0,0.0,0.3,0.0,0.0,0.0,0.2,0.0,0.0,0.0,0.0,0.0,0.0,1.609
376,0.0,0.6,0.0,0.0,0.0,0.0,0.1,0.0,0.0,0.0,0.3,0.0,0.0,0.0,0.0,0.0,0.0,1.61
377,0.0,0.65,0.0,0.0,0.0,0.2,0.0,0.15,0.0,0.0,0.0,0.0,0.0,0.0,0.0,0.0,0.0,1.574
378,0.0,0.65,0.0,0.0,0.0,0.3,0.0,0.05,0.0,0.0,0.0,0.0,0.0,0.0,0.0,0.0,0.0,1.611
379,0.0,0.65,0.0,0.0,0.0,0.15,0.0,0.0,0.2,0.0,0.0,0.0,0.0,0.0,0.0,0.0,0.0,1.538
380,0.0,0.7000000000000001,0.1,0.0,0.0,0.0,0.2,0.0,0.0,0.0,0.0,0.0,0.0,0.0,0.0,0.0,0.0,1.52
381,0.0,0.65,0.05,0.0,0.0,0.0,0.3,0.0,0.0,0.0,0.0,0.0,0.0,0.0,0.0,0.0,0.0,1.546
382,0.0,0.6,0.1,0.0,0.0,0.0,0.3,0.0,0.0,0.0,0.0,0.0,0.0,0.0,0.0,0.0,0.0,1.546
383,0.0,0.55,0.15,0.0,0.0,0.0,0.3,0.0,0.0,0.0,0.0,0.0,0.0,0.0,0.0,0.0,0.0,1.543
384,0.0,0.5,0.1,0.0,0.0,0.0,0.4,0.0,0.0,0.0,0.0,0.0,0.0,0.0,0.0,0.0,0.0,1.564
385,0.0,0.65,0.2,0.0,0.0,0.0,0.0,0.15,0.0,0.0,0.0,0.0,0.0,0.0,0.0,0.0,0.0,1.495
386,0.0,0.55,0.2,0.0,0.0,0.0,0.0,0.25,0.0,0.0,0.0,0.0,0.0,0.0,0.0,0.0,0.0,1.501
387,0.0,0.6,0.1,0.0,0.0,0.0,0.0,0.3,0.0,0.0,0.0,0.0,0.0,0.0,0.0,0.0,0.0,1.508
388,0.0,0.5,0.2,0.0,0.0,0.0,0.0,0.3,0.0,0.0,0.0,0.0,0.0,0.0,0.0,0.0,0.0,1.505
389,0.0,0.45,0.25,0.0,0.0,0.0,0.0,0.3,0.0,0.0,0.0,0.0,0.0,0.0,0.0,0.0,0.0,1.504
390,0.0,0.45,0.2,0.0,0.0,0.0,0.0,0.35000000000000003,0.0,0.0,0.0,0.0,0.0,0.0,0.0,0.0,0.0,1.511
391,0.0,0.35000000000000003,0.2,0.0,0.0,0.0,0.0,0.45,0.0,0.0,0.0,0.0,0.0,0.0,0.0,0.0,0.0,1.519
392,0.0,0.6,0.0,0.0,0.0,0.0,0.0,0.35000000000000003,0.0,0.0,0.0,0.0,0.0,0.05,0.0,0.0,0.0,1.547
393,0.0,0.55,0.0,0.0,0.0,0.0,0.0,0.35000000000000003,0.0,0.0,0.0,0.0,0.0,0.1,0.0,0.0,0.0,1.577
394,0.0,0.5,0.0,0.0,0.0,0.0,0.0,0.35000000000000003,0.0,0.0,0.0,0.0,0.0,0.15,0.0,0.0,0.0,1.6
395,0.0,0.45,0.0,0.0,0.0,0.0,0.0,0.35000000000000003,0.0,0.0,0.0,0.0,0.0,0.2,0.0,0.0,0.0,1.641
396,0.0,0.65,0.0,0.0,0.0,0.0,0.0,0.3,0.0,0.0,0.0,0.0,0.0,0.0,0.0,0.05,0.0,1.538
397,0.0,0.6,0.0,0.0,0.0,0.0,0.0,0.3,0.0,0.0,0.0,0.0,0.0,0.0,0.0,0.1,0.0,1.551
398,0.0,0.55,0.0,0.0,0.0,0.0,0.0,0.3,0.0,0.0,0.0,0.0,0.0,0.0,0.0,0.15,0.0,1.571
399,0.0,0.65,0.0,0.0,0.0,0.0,0.0,0.0,0.3,0.0,0.0,0.0,0.0,0.05,0.0,0.0,0.0,1.526
400,0.0,0.6,0.0,0.0,0.0,0.0,0.0,0.0,0.3,0.0,0.0,0.0,0.0,0.1,0.0,0.0,0.0,1.558
401,0.0,0.55,0.0,0.0,0.0,0.0,0.0,0.0,0.3,0.0,0.0,0.0,0.0,0.15,0.0,0.0,0.0,1.589
402,0.0,0.5,0.0,0.0,0.0,0.0,0.0,0.0,0.3,0.0,0.0,0.0,0.0,0.2,0.0,0.0,0.0,1.62
403,0.0,0.7000000000000001,0.0,0.0,0.0,0.0,0.0,0.0,0.25,0.0,0.0,0.0,0.0,0.0,0.0,0.05,0.0,1.506
404,0.0,0.65,0.0,0.0,0.0,0.0,0.0,0.0,0.25,0.0,0.0,0.0,0.0,0.0,0.0,0.1,0.0,1.524
405,0.0,0.6,0.0,0.0,0.0,0.0,0.0,0.0,0.25,0.0,0.0,0.0,0.0,0.0,0.0,0.15,0.0,1.541
406,0.0,0.55,0.0,0.25,0.2,0.0,0.0,0.0,0.0,0.0,0.0,0.0,0.0,0.0,0.0,0.0,0.0,1.594
407,0.0,0.6,0.0,0.1,0.3,0.0,0.0,0.0,0.0,0.0,0.0,0.0,0.0,0.0,0.0,0.0,0.0,1.598
408,0.0,0.5,0.0,0.2,0.3,0.0,0.0,0.0,0.0,0.0,0.0,0.0,0.0,0.0,0.0,0.0,0.0,1.608
409,0.0,0.45,0.0,0.25,0.3,0.0,0.0,0.0,0.0,0.0,0.0,0.0,0.0,0.0,0.0,0.0,0.0,1.616
410,0.0,0.6,0.0,0.3,0.0,0.0,0.0,0.0,0.0,0.0,0.1,0.0,0.0,0.0,0.0,0.0,0.0,1.573
411,0.0,0.6,0.0,0.2,0.0,0.0,0.0,0.0,0.0,0.0,0.2,0.0,0.0,0.0,0.0,0.0,0.0,1.591
412,0.0,0.5,0.0,0.3,0.0,0.0,0.0,0.0,0.0,0.0,0.2,0.0,0.0,0.0,0.0,0.0,0.0,1.605
413,0.0,0.6,0.0,0.1,0.0,0.0,0.0,0.0,0.0,0.0,0.3,0.0,0.0,0.0,0.0,0.0,0.0,1.609
414,0.0,0.5,0.0,0.2,0.0,0.0,0.0,0.0,0.0,0.0,0.3,0.0,0.0,0.0,0.0,0.0,0.0,1.618
415,0.0,0.4,0.0,0.3,0.0,0.0,0.0,0.0,0.0,0.0,0.3,0.0,0.0,0.0,0.0,0.0,0.0,1.624
416,0.0,0.6,0.0,0.3,0.0,0.1,0.0,0.0,0.0,0.0,0.0,0.0,0.0,0.0,0.0,0.0,0.0,1.583
417,0.0,0.6,0.0,0.2,0.0,0.2,0.0,0.0,0.0,0.0,0.0,0.0,0.0,0.0,0.0,0.0,0.0,1.603
418,0.0,0.5,0.0,0.3,0.0,0.2,0.0,0.0,0.0,0.0,0.0,0.0,0.0,0.0,0.0,0.0,0.0,1.615
419,0.0,0.65,0.0,0.05,0.0,0.3,0.0,0.0,0.0,0.0,0.0,0.0,0.0,0.0,0.0,0.0,0.0,1.617
420,0.0,0.6,0.0,0.1,0.0,0.3,0.0,0.0,0.0,0.0,0.0,0.0,0.0,0.0,0.0,0.0,0.0,1.62
421,0.0,0.55,0.0,0.15,0.0,0.3,0.0,0.0,0.0,0.0,0.0,0.0,0.0,0.0,0.0,0.0,0.0,1.63
422,0.0,0.5,0.0,0.2,0.0,0.3,0.0,0.0,0.0,0.0,0.0,0.0,0.0,0.0,0.0,0.0,0.0,1.632
423,0.0,0.4,0.0,0.3,0.0,0.3,0.0,0.0,0.0,0.0,0.0,0.0,0.0,0.0,0.0,0.0,0.0,1.645
424,0.0,0.3,0.0,0.4,0.0,0.3,0.0,0.0,0.0,0.0,0.0,0.0,0.0,0.0,0.0,0.0,0.0,1.65
425,0.0,0.6818000000000001,0.0,0.0,0.2273,0.0909,0.0,0.0,0.0,0.0,0.0,0.0,0.0,0.0,0.0,0.0,0.0,1.606
426,0.0,0.75,0.0,0.0,0.05,0.2,0.0,0.0,0.0,0.0,0.0,0.0,0.0,0.0,0.0,0.0,0.0,1.581
427,0.0,0.65,0.0,0.0,0.15,0.2,0.0,0.0,0.0,0.0,0.0,0.0,0.0,0.0,0.0,0.0,0.0,1.616
428,0.0,0.55,0.0,0.0,0.25,0.2,0.0,0.0,0.0,0.0,0.0,0.0,0.0,0.0,0.0,0.0,0.0,1.637
429,0.0,0.5,0.0,0.0,0.3,0.2,0.0,0.0,0.0,0.0,0.0,0.0,0.0,0.0,0.0,0.0,0.0,1.641
430,0.0,0.65,0.0,0.0,0.1,0.25,0.0,0.0,0.0,0.0,0.0,0.0,0.0,0.0,0.0,0.0,0.0,1.618
431,0.0,0.7000000000000001,0.0,0.0,0.0,0.2,0.0,0.0,0.0,0.0,0.1,0.0,0.0,0.0,0.0,0.0,0.0,1.6
432,0.0,0.65,0.15,0.2,0.0,0.0,0.0,0.0,0.0,0.0,0.0,0.0,0.0,0.0,0.0,0.0,0.0,1.535
433,0.0,0.6,0.1,0.3,0.0,0.0,0.0,0.0,0.0,0.0,0.0,0.0,0.0,0.0,0.0,0.0,0.0,1.549
434,0.0,0.55,0.15,0.3,0.0,0.0,0.0,0.0,0.0,0.0,0.0,0.0,0.0,0.0,0.0,0.0,0.0,1.555
435,0.0,0.5,0.2,0.3,0.0,0.0,0.0,0.0,0.0,0.0,0.0,0.0,0.0,0.0,0.0,0.0,0.0,1.561
436,0.0,0.55,0.05,0.4,0.0,0.0,0.0,0.0,0.0,0.0,0.0,0.0,0.0,0.0,0.0,0.0,0.0,1.563
437,0.0,0.5,0.1,0.4,0.0,0.0,0.0,0.0,0.0,0.0,0.0,0.0,0.0,0.0,0.0,0.0,0.0,1.567
438,0.0,0.45,0.15,0.4,0.0,0.0,0.0,0.0,0.0,0.0,0.0,0.0,0.0,0.0,0.0,0.0,0.0,1.571
439,0.0,0.7000000000000001,0.0,0.15,0.0,0.0,0.0,0.0,0.0,0.0,0.0,0.0,0.15,0.0,0.0,0.0,0.0,1.679
440,0.0,0.65,0.0,0.2,0.0,0.0,0.0,0.0,0.0,0.0,0.0,0.0,0.15,0.0,0.0,0.0,0.0,1.689
441,0.0,0.6,0.0,0.25,0.0,0.0,0.0,0.0,0.0,0.0,0.0,0.0,0.15,0.0,0.0,0.0,0.0,1.697
442,0.0,0.55,0.0,0.3,0.0,0.0,0.0,0.0,0.0,0.0,0.0,0.0,0.15,0.0,0.0,0.0,0.0,1.701
443,0.0,0.5,0.0,0.35000000000000003,0.0,0.0,0.0,0.0,0.0,0.0,0.0,0.0,0.15,0.0,0.0,0.0,0.0,1.706
444,0.0,0.65,0.15,0.0,0.2,0.0,0.0,0.0,0.0,0.0,0.0,0.0,0.0,0.0,0.0,0.0,0.0,1.548
445,0.0,0.55,0.15,0.0,0.3,0.0,0.0,0.0,0.0,0.0,0.0,0.0,0.0,0.0,0.0,0.0,0.0,1.58
446,0.0,0.45,0.25,0.0,0.3,0.0,0.0,0.0,0.0,0.0,0.0,0.0,0.0,0.0,0.0,0.0,0.0,1.579
447,0.0,0.45,0.15,0.0,0.4,0.0,0.0,0.0,0.0,0.0,0.0,0.0,0.0,0.0,0.0,0.0,0.0,1.604
448,0.0,0.35000000000000003,0.25,0.0,0.4,0.0,0.0,0.0,0.0,0.0,0.0,0.0,0.0,0.0,0.0,0.0,0.0,1.603
449,0.0,0.35000000000000003,0.15,0.0,0.5,0.0,0.0,0.0,0.0,0.0,0.0,0.0,0.0,0.0,0.0,0.0,0.0,1.626
450,0.0,0.25,0.25,0.0,0.5,0.0,0.0,0.0,0.0,0.0,0.0,0.0,0.0,0.0,0.0,0.0,0.0,1.624
451,0.0,0.15,0.25,0.0,0.6,0.0,0.0,0.0,0.0,0.0,0.0,0.0,0.0,0.0,0.0,0.0,0.0,1.637
452,0.0,0.7000000000000001,0.0,0.0,0.2,0.0,0.0,0.0,0.0,0.0,0.0,0.0,0.1,0.0,0.0,0.0,0.0,1.653
453,0.0,0.6,0.0,0.0,0.3,0.0,0.0,0.0,0.0,0.0,0.0,0.0,0.1,0.0,0.0,0.0,0.0,1.679
454,0.0,0.5,0.0,0.0,0.4,0.0,0.0,0.0,0.0,0.0,0.0,0.0,0.1,0.0,0.0,0.0,0.0,1.693
455,0.0,0.5,0.15,0.0,0.0,0.0,0.0,0.0,0.0,0.0,0.35000000000000003,0.0,0.0,0.0,0.0,0.0,0.0,1.596
456,0.0,0.45,0.2,0.0,0.0,0.0,0.0,0.0,0.0,0.0,0.35000000000000003,0.0,0.0,0.0,0.0,0.0,0.0,1.596
457,0.0,0.4,0.25,0.0,0.0,0.0,0.0,0.0,0.0,0.0,0.35000000000000003,0.0,0.0,0.0,0.0,0.0,0.0,1.592
458,0.0,0.5,0.1,0.0,0.0,0.0,0.0,0.0,0.0,0.0,0.4,0.0,0.0,0.0,0.0,0.0,0.0,1.612
459,0.0,0.4,0.15,0.0,0.0,0.0,0.0,0.0,0.0,0.0,0.45,0.0,0.0,0.0,0.0,0.0,0.0,1.621
460,0.0,0.35000000000000003,0.15,0.0,0.0,0.0,0.0,0.0,0.0,0.0,0.5,0.0,0.0,0.0,0.0,0.0,0.0,1.63
461,0.0,0.3,0.15,0.0,0.0,0.0,0.0,0.0,0.0,0.0,0.55,0.0,0.0,0.0,0.0,0.0,0.0,1.635
462,0.0,0.75,0.0,0.0,0.0,0.0,0.0,0.0,0.0,0.0,0.15,0.0,0.1,0.0,0.0,0.0,0.0,1.641
463,0.0,0.65,0.0,0.0,0.0,0.0,0.0,0.0,0.0,0.0,0.25,0.0,0.1,0.0,0.0,0.0,0.0,1.671
464,0.0,0.7000000000000001,0.1,0.0,0.0,0.2,0.0,0.0,0.0,0.0,0.0,0.0,0.0,0.0,0.0,0.0,0.0,1.557
465,0.0,0.65,0.05,0.0,0.0,0.3,0.0,0.0,0.0,0.0,0.0,0.0,0.0,0.0,0.0,0.0,0.0,1.602
466,0.0,0.6,0.1,0.0,0.0,0.3,0.0,0.0,0.0,0.0,0.0,0.0,0.0,0.0,0.0,0.0,0.0,1.599
467,0.0,0.55,0.15,0.0,0.0,0.3,0.0,0.0,0.0,0.0,0.0,0.0,0.0,0.0,0.0,0.0,0.0,1.597
468,0.0,0.5,0.2,0.0,0.0,0.3,0.0,0.0,0.0,0.0,0.0,0.0,0.0,0.0,0.0,0.0,0.0,1.593
469,0.0,0.5,0.1,0.0,0.0,0.4,0.0,0.0,0.0,0.0,0.0,0.0,0.0,0.0,0.0,0.0,0.0,1.636
470,0.0,0.45,0.1,0.0,0.0,0.45,0.0,0.0,0.0,0.0,0.0,0.0,0.0,0.0,0.0,0.0,0.0,1.646
471,0.0,0.4,0.1,0.0,0.0,0.5,0.0,0.0,0.0,0.0,0.0,0.0,0.0,0.0,0.0,0.0,0.0,1.656
472,0.0,0.7000000000000001,0.0,0.0,0.0,0.2,0.0,0.0,0.0,0.0,0.0,0.0,0.1,0.0,0.0,0.0,0.0,1.661
473,0.0,0.6,0.0,0.0,0.0,0.3,0.0,0.0,0.0,0.0,0.0,0.0,0.1,0.0,0.0,0.0,0.0,1.69
474,0.0,0.5,0.0,0.0,0.0,0.4,0.0,0.0,0.0,0.0,0.0,0.0,0.1,0.0,0.0,0.0,0.0,1.704
475,0.0,0.6,0.0,0.0,0.35000000000000003,0.0,0.0,0.0,0.0,0.0,0.0,0.0,0.0,0.05,0.0,0.0,0.0,1.629
476,0.0,0.55,0.0,0.0,0.35000000000000003,0.0,0.0,0.0,0.0,0.0,0.0,0.0,0.0,0.1,0.0,0.0,0.0,1.665
477,0.0,0.5,0.0,0.0,0.35000000000000003,0.0,0.0,0.0,0.0,0.0,0.0,0.0,0.0,0.15,0.0,0.0,0.0,1.69
478,0.0,0.6,0.0,0.0,0.35000000000000003,0.0,0.0,0.0,0.0,0.0,0.0,0.0,0.0,0.0,0.0,0.05,0.0,1.618
479,0.0,0.55,0.0,0.0,0.35000000000000003,0.0,0.0,0.0,0.0,0.0,0.0,0.0,0.0,0.0,0.0,0.1,0.0,1.647
480,0.0,0.5,0.0,0.0,0.35000000000000003,0.0,0.0,0.0,0.0,0.0,0.0,0.0,0.0,0.0,0.0,0.15,0.0,1.667
481,0.0,0.6,0.0,0.0,0.0,0.0,0.0,0.0,0.0,0.0,0.35000000000000003,0.0,0.0,0.05,0.0,0.0,0.0,1.637
482,0.0,0.5,0.0,0.0,0.0,0.0,0.0,0.0,0.0,0.0,0.35000000000000003,0.0,0.0,0.15,0.0,0.0,0.0,1.707
483,0.0,0.45,0.0,0.0,0.0,0.0,0.0,0.0,0.0,0.0,0.35000000000000003,0.0,0.0,0.2,0.0,0.0,0.0,1.736
484,0.0,0.4,0.0,0.0,0.0,0.0,0.0,0.0,0.0,0.0,0.35000000000000003,0.0,0.0,0.25,0.0,0.0,0.0,1.775
485,0.0,0.6,0.0,0.0,0.0,0.0,0.0,0.0,0.0,0.0,0.3,0.0,0.0,0.0,0.0,0.1,0.0,1.634
486,0.0,0.55,0.0,0.0,0.0,0.0,0.0,0.0,0.0,0.0,0.4,0.0,0.0,0.0,0.0,0.05,0.0,1.641
487,0.0,0.5,0.0,0.0,0.0,0.0,0.0,0.0,0.0,0.0,0.4,0.0,0.0,0.0,0.0,0.1,0.0,1.665
488,0.0,0.65,0.0,0.0,0.0,0.3,0.0,0.0,0.0,0.0,0.0,0.0,0.0,0.05,0.0,0.0,0.0,1.637
489,0.0,0.6,0.0,0.0,0.0,0.3,0.0,0.0,0.0,0.0,0.0,0.0,0.0,0.1,0.0,0.0,0.0,1.665
490,0.0,0.55,0.0,0.0,0.0,0.3,0.0,0.0,0.0,0.0,0.0,0.0,0.0,0.15,0.0,0.0,0.0,1.704
491,0.0,0.5,0.0,0.0,0.0,0.3,0.0,0.0,0.0,0.0,0.0,0.0,0.0,0.2,0.0,0.0,0.0,1.733
492,0.0,0.45,0.0,0.0,0.0,0.3,0.0,0.0,0.0,0.0,0.0,0.0,0.0,0.25,0.0,0.0,0.0,1.773
493,0.0,0.4,0.0,0.0,0.0,0.4,0.0,0.0,0.0,0.0,0.0,0.0,0.0,0.2,0.0,0.0,0.0,1.768
494,0.0,0.3,0.0,0.0,0.0,0.4,0.0,0.0,0.0,0.0,0.0,0.0,0.0,0.3,0.0,0.0,0.0,1.833
495,0.0,0.25,0.0,0.0,0.0,0.4,0.0,0.0,0.0,0.0,0.0,0.0,0.0,0.35000000000000003,0.0,0.0,0.0,1.871
496,0.0,0.2,0.0,0.0,0.0,0.4,0.0,0.0,0.0,0.0,0.0,0.0,0.0,0.4,0.0,0.0,0.0,1.899
497,0.0,0.65,0.0,0.0,0.0,0.3,0.0,0.0,0.0,0.0,0.0,0.0,0.0,0.0,0.0,0.05,0.0,1.635
498,0.0,0.6,0.0,0.0,0.0,0.3,0.0,0.0,0.0,0.0,0.0,0.0,0.0,0.0,0.0,0.1,0.0,1.643
499,0.0,0.55,0.0,0.0,0.0,0.3,0.0,0.0,0.0,0.0,0.0,0.0,0.0,0.0,0.0,0.15,0.0,1.664
500,0.0,0.6900000000000001,0.0,0.0,0.0,0.3,0.0,0.0,0.0,0.0,0.0,0.0,0.0,0.0,0.0,0.0,0.0,1.622
501,0.0,0.65,0.0,0.0,0.0,0.0,0.0,0.0,0.0,0.0,0.0,0.0,0.25,0.1,0.0,0.0,0.0,1.788
502,0.0,0.55,0.0,0.0,0.0,0.0,0.0,0.0,0.0,0.0,0.0,0.0,0.25,0.2,0.0,0.0,0.0,1.853
503,0.0,0.5,0.0,0.0,0.0,0.0,0.0,0.0,0.0,0.0,0.0,0.0,0.25,0.25,0.0,0.0,0.0,1.887
504,0.0,0.45,0.0,0.0,0.0,0.0,0.0,0.0,0.0,0.0,0.0,0.0,0.25,0.3,0.0,0.0,0.0,1.908
505,0.0,0.4,0.0,0.0,0.0,0.0,0.0,0.0,0.0,0.0,0.0,0.0,0.25,0.35000000000000003,0.0,0.0,0.0,1.95
506,0.0,0.7000000000000001,0.0,0.0,0.0,0.0,0.0,0.0,0.0,0.0,0.0,0.0,0.25,0.0,0.0,0.05,0.0,1.748
507,0.0,0.65,0.0,0.0,0.0,0.0,0.0,0.0,0.0,0.0,0.0,0.0,0.25,0.0,0.0,0.1,0.0,1.763
508,0.0,0.6,0.0,0.0,0.0,0.0,0.0,0.0,0.0,0.0,0.0,0.0,0.25,0.0,0.0,0.15,0.0,1.783
509,0.0,0.3,0.0,0.0,0.0,0.0,0.0,0.0,0.0,0.0,0.0,0.0,0.0,0.0,0.3,0.0,0.4,1.562
510,0.0,0.1,0.0,0.0,0.0,0.0,0.0,0.0,0.0,0.0,0.0,0.0,0.0,0.0,0.6,0.0,0.3,1.602
511,0.0,0.2,0.0,0.0,0.0,0.0,0.0,0.0,0.0,0.0,0.0,0.0,0.0,0.0,0.5,0.0,0.3,1.587
512,0.0,0.3,0.0,0.0,0.0,0.0,0.0,0.0,0.0,0.0,0.0,0.0,0.0,0.0,0.4,0.0,0.3,1.57
513,0.0,0.1,0.0,0.0,0.0,0.0,0.0,0.0,0.0,0.0,0.0,0.0,0.0,0.0,0.7000000000000001,0.0,0.2,1.6
514,0.0,0.2,0.0,0.0,0.0,0.0,0.0,0.0,0.0,0.0,0.0,0.0,0.0,0.0,0.6,0.0,0.2,1.583
515,0.0,0.1,0.0,0.0,0.0,0.0,0.0,0.0,0.0,0.0,0.0,0.0,0.0,0.0,0.8,0.0,0.1,1.594
516,0.0,0.0,0.0,0.0,0.0,0.0,0.0,0.15,0.0,0.0,0.0,0.0,0.0,0.0,0.85,0.0,0.0,1.65
517,0.0,0.0,0.0,0.0,0.0,0.0,0.0,0.0,0.0,0.0687,0.0,0.0752,0.0,0.0,0.856,0.0,0.0,1.68
518,0.0,0.0,0.0,0.0,0.0,0.0,0.0,0.0,0.0,0.0729,0.0,0.1329,0.0,0.0,0.7942,0.0,0.0,1.734
519,0.0,0.0,0.0,0.0,0.0,0.0,0.0,0.0,0.0,0.0,0.0,0.1673,0.0,0.0,0.8327,0.0,0.0,1.746
520,0.0,0.0,0.0,0.0,0.0,0.0,0.0,0.0,0.0,0.27030000000000004,0.0,0.0986,0.0,0.0,0.631,0.0,0.0,1.786
521,0.0,0.0,0.0,0.0,0.0,0.0,0.0,0.0,0.0,0.1478,0.0,0.1618,0.0,0.0,0.6904000000000001,0.0,0.0,1.795
522,0.0,0.0,0.0,0.0,0.0,0.0,0.0,0.0,0.0,0.0,0.0,0.23809999999999998,0.0,0.0,0.7619,0.0,0.0,1.822
523,0.0,0.0,0.0,0.0,0.0,0.0,0.0,0.0,0.0,0.2864,0.0,0.15660000000000002,0.0,0.0,0.557,0.0,0.0,1.828
524,0.0,0.0,0.0,0.0,0.0,0.0,0.0,0.0,0.0,0.1574,0.0,0.2298,0.0,0.0,0.6128,0.0,0.0,1.858
525,0.0,0.0,0.0,0.0,0.0,0.0,0.0,0.0,0.0,0.0,0.0,0.3191,0.0,0.0,0.6809000000000001,0.0,0.0,1.885
526,0.0,0.0,0.0,0.0,0.0,0.0,0.0,0.0,0.0,0.1684,0.0,0.3072,0.0,0.0,0.5243,0.0,0.0,1.921
527,0.0,0.0,0.0,0.0,0.0,0.0,0.0,0.0,0.0,0.0,0.0,0.4128,0.0,0.0,0.5872,0.0,0.0,1.952
528,0.0,0.0,0.0,0.0,0.0,0.0,0.0,0.0,0.0,0.0,0.0,0.1,0.0,0.1,0.8,0.0,0.0,1.857
529,0.0,0.0,0.0,0.0,0.0,0.0,0.0,0.0,0.0,0.0,0.0,0.2,0.0,0.1,0.7000000000000001,0.0,0.0,1.954
530,0.9938,0.0,0.0062,0.0,0.0,0.0,0.0,0.0,0.0,0.0,0.0,0.0,0.0,0.0,0.0,0.0,0.0,1.458
531,0.9772,0.0,0.022799999999999997,0.0,0.0,0.0,0.0,0.0,0.0,0.0,0.0,0.0,0.0,0.0,0.0,0.0,0.0,1.462
532,0.9636,0.0,0.0364,0.0,0.0,0.0,0.0,0.0,0.0,0.0,0.0,0.0,0.0,0.0,0.0,0.0,0.0,1.463
533,0.943,0.0,0.0,0.0,0.0,0.0,0.0,0.0,0.0,0.0,0.0,0.0,0.0,0.057,0.0,0.0,0.0,1.481
534,0.0,0.0,0.0,0.0,0.0,0.0,0.0,0.0,0.0,0.0,0.0,0.4965,0.0,0.0,0.0,0.0,0.4965,1.724
535,0.0,0.8,0.0,0.0,0.0,0.2,0.0,0.0,0.0,0.0,0.0,0.0,0.0,0.0,0.0,0.0,0.0,1.5565
536,0.0,0.775,0.0,0.0,0.0,0.225,0.0,0.0,0.0,0.0,0.0,0.0,0.0,0.0,0.0,0.0,0.0,1.5665
537,0.0,0.75,0.0,0.0,0.0,0.25,0.0,0.0,0.0,0.0,0.0,0.0,0.0,0.0,0.0,0.0,0.0,1.5802
538,0.0,0.725,0.0,0.0,0.0,0.275,0.0,0.0,0.0,0.0,0.0,0.0,0.0,0.0,0.0,0.0,0.0,1.5932
539,0.0,0.7000000000000001,0.0,0.0,0.0,0.3,0.0,0.0,0.0,0.0,0.0,0.0,0.0,0.0,0.0,0.0,0.0,1.6069
540,0.0,0.675,0.0,0.0,0.0,0.325,0.0,0.0,0.0,0.0,0.0,0.0,0.0,0.0,0.0,0.0,0.0,1.6152
541,0.0,0.65,0.0,0.0,0.0,0.35000000000000003,0.0,0.0,0.0,0.0,0.0,0.0,0.0,0.0,0.0,0.0,0.0,1.6239
542,0.0,0.625,0.0,0.0,0.0,0.375,0.0,0.0,0.0,0.0,0.0,0.0,0.0,0.0,0.0,0.0,0.0,1.6323
543,0.0,0.6,0.0,0.0,0.0,0.4,0.0,0.0,0.0,0.0,0.0,0.0,0.0,0.0,0.0,0.0,0.0,1.6377
544,0.0,0.7000000000000001,0.0,0.0,0.0,0.2,0.0,0.0,0.0,0.0,0.0,0.0,0.1,0.0,0.0,0.0,0.0,1.6664
545,0.0,0.6,0.0,0.0,0.0,0.3,0.0,0.0,0.0,0.0,0.0,0.0,0.1,0.0,0.0,0.0,0.0,1.6907
546,0.0,0.5,0.0,0.0,0.0,0.4,0.0,0.0,0.0,0.0,0.0,0.0,0.1,0.0,0.0,0.0,0.0,1.705
547,0.0,0.6,0.0,0.0,0.0,0.3,0.0,0.0,0.0,0.0,0.0,0.0,0.0,0.1,0.0,0.0,0.0,1.6681
548,0.0,0.5,0.0,0.0,0.0,0.4,0.0,0.0,0.0,0.0,0.0,0.0,0.0,0.1,0.0,0.0,0.0,1.6973
549,0.6,0.0,0.0,0.0,0.0,0.4,0.0,0.0,0.0,0.0,0.0,0.0,0.0,0.0,0.0,0.0,0.0,1.6355
550,0.6,0.0,0.0,0.0,0.0,0.2,0.0,0.2,0.0,0.0,0.0,0.0,0.0,0.0,0.0,0.0,0.0,1.5736
551,0.6,0.0,0.0,0.0,0.2,0.0,0.0,0.2,0.0,0.0,0.0,0.0,0.0,0.0,0.0,0.0,0.0,1.5476
552,0.0,0.0,0.0,0.0,0.0,0.0,0.0,0.05,0.0,0.0,0.0,0.0,0.0,0.0,0.9500000000000001,0.0,0.0,1.6465
553,0.0,0.0,0.0,0.0,0.0,0.0,0.0,0.1,0.0,0.0,0.0,0.0,0.0,0.0,0.9,0.0,0.0,1.6731
554,0.0,0.0,0.0,0.0,0.0,0.0,0.0,0.15,0.0,0.0,0.0,0.0,0.0,0.0,0.85,0.0,0.0,1.6839
555,0.0,0.0,0.0,0.0,0.0,0.0,0.0,0.2,0.0,0.0,0.0,0.0,0.0,0.0,0.8,0.0,0.0,1.678
556,0.0,0.0,0.0,0.0,0.0,0.0,0.0,0.25,0.0,0.0,0.0,0.0,0.0,0.0,0.75,0.0,0.0,1.6618
557,0.0,0.0,0.0,0.0,0.0,0.0,0.0,0.3,0.0,0.0,0.0,0.0,0.0,0.0,0.7000000000000001,0.0,0.0,1.6397
558,0.6951,0.0,0.0017000000000000001,0.0012,0.0008,0.0,0.0,0.0008,0.1066,0.0036,0.0,0.1893,0.0,0.0,0.0,0.0,0.0,1.61587
559,1.0,0.0,0.0,0.0,0.0,0.0,0.0,0.0,0.0,0.0,0.0,0.0,0.0,0.0,0.0,0.0,0.0,1.45637
560,0.0,0.8,0.0,0.0,0.0,0.2,0.0,0.0,0.0,0.0,0.0,0.0,0.0,0.0,0.0,0.0,0.0,1.55651
561,0.0,0.0,0.0,0.0,0.0,0.0,0.0,0.2,0.0,0.0,0.0,0.0,0.0,0.0,0.8,0.0,0.0,1.67796
562,0.0,0.0,0.35000000000000003,0.0,0.65,0.0,0.0,0.0,0.0,0.0,0.0,0.0,0.0,0.0,0.0,0.0,0.0,1.66027
563,0.0,0.775,0.0,0.0,0.0,0.225,0.0,0.0,0.0,0.0,0.0,0.0,0.0,0.0,0.0,0.0,0.0,1.56854
564,0.0,0.75,0.0,0.0,0.0,0.25,0.0,0.0,0.0,0.0,0.0,0.0,0.0,0.0,0.0,0.0,0.0,1.58021
565,0.0,0.725,0.0,0.0,0.0,0.275,0.0,0.0,0.0,0.0,0.0,0.0,0.0,0.0,0.0,0.0,0.0,1.59318
566,0.0,0.7000000000000001,0.0,0.0,0.0,0.3,0.0,0.0,0.0,0.0,0.0,0.0,0.0,0.0,0.0,0.0,0.0,1.60686
567,0.0,0.675,0.0,0.0,0.0,0.325,0.0,0.0,0.0,0.0,0.0,0.0,0.0,0.0,0.0,0.0,0.0,1.61517
568,0.0,0.65,0.0,0.0,0.0,0.35000000000000003,0.0,0.0,0.0,0.0,0.0,0.0,0.0,0.0,0.0,0.0,0.0,1.62392
569,0.0,0.625,0.0,0.0,0.0,0.375,0.0,0.0,0.0,0.0,0.0,0.0,0.0,0.0,0.0,0.0,0.0,1.63234
570,0.0,0.6,0.0,0.0,0.0,0.4,0.0,0.0,0.0,0.0,0.0,0.0,0.0,0.0,0.0,0.0,0.0,1.63768
571,0.0,0.7000000000000001,0.0,0.0,0.3,0.0,0.0,0.0,0.0,0.0,0.0,0.0,0.0,0.0,0.0,0.0,0.0,1.57902
572,0.0,0.7000000000000001,0.0,0.0,0.0,0.0,0.3,0.0,0.0,0.0,0.0,0.0,0.0,0.0,0.0,0.0,0.0,1.55
573,0.0,0.75,0.0,0.0,0.0,0.0,0.0,0.0,0.0,0.0,0.25,0.0,0.0,0.0,0.0,0.0,0.0,1.56566
574,0.0,0.7000000000000001,0.0,0.0,0.0,0.0,0.0,0.0,0.0,0.0,0.3,0.0,0.0,0.0,0.0,0.0,0.0,1.59
575,0.0,0.65,0.0,0.0,0.0,0.0,0.0,0.0,0.0,0.0,0.35000000000000003,0.0,0.0,0.0,0.0,0.0,0.0,1.60377
576,0.0,0.5,0.0,0.0,0.0,0.4,0.0,0.0,0.0,0.0,0.0,0.0,0.0,0.1,0.0,0.0,0.0,1.68504
577,0.0,0.7000000000000001,0.0,0.0,0.0,0.2,0.1,0.0,0.0,0.0,0.0,0.0,0.0,0.0,0.0,0.0,0.0,1.6664
578,0.0,0.6,0.0,0.0,0.0,0.3,0.1,0.0,0.0,0.0,0.0,0.0,0.0,0.0,0.0,0.0,0.0,1.69072
579,0.0,0.5,0.0,0.0,0.0,0.4,0.1,0.0,0.0,0.0,0.0,0.0,0.0,0.0,0.0,0.0,0.0,1.70503
580,0.0,0.75,0.0,0.0,0.0,0.2,0.05,0.0,0.0,0.0,0.0,0.0,0.0,0.0,0.0,0.0,0.0,1.61774
581,0.0,0.6,0.0,0.0,0.0,0.3,0.0,0.0,0.0,0.0,0.0,0.0,0.0,0.1,0.0,0.0,0.0,1.66813
582,0.0,0.0,0.0,0.0,0.0,0.0,0.0,0.05,0.0,0.0,0.0,0.0,0.0,0.0,0.9500000000000001,0.0,0.0,1.64649
583,0.0,0.0,0.0,0.0,0.0,0.0,0.0,0.1,0.0,0.0,0.0,0.0,0.0,0.0,0.9,0.0,0.0,1.67313
584,0.0,0.0,0.0,0.0,0.0,0.0,0.0,0.15,0.0,0.0,0.0,0.0,0.0,0.0,0.85,0.0,0.0,1.68388
585,0.0,0.0,0.0,0.0,0.0,0.0,0.0,0.25,0.0,0.0,0.0,0.0,0.0,0.0,0.75,0.0,0.0,1.66182
586,0.0,0.0,0.0,0.0,0.0,0.0,0.0,0.3,0.0,0.0,0.0,0.0,0.0,0.0,0.7000000000000001,0.0,0.0,1.63968
587,0.0,0.7000000000000001,0.0,0.0,0.0,0.0,0.0,0.2,0.0,0.0,0.0,0.0,0.1,0.0,0.0,0.0,0.0,1.71387
588,0.0,0.7000000000000001,0.0,0.0,0.0,0.0,0.0,0.2,0.0,0.0,0.0,0.0,0.0,0.1,0.0,0.0,0.0,1.72267
589,0.0,0.6,0.0,0.0,0.0,0.0,0.0,0.2,0.0,0.0,0.0,0.0,0.0,0.2,0.0,0.0,0.0,1.76939
590,0.4007,0.0,0.1493,0.0,0.1486,0.0,0.0,0.1507,0.14830000000000002,0.0,0.0,0.0,0.0,0.0,0.0,0.0,0.0,1.546
591,0.5012,0.0,0.1474,0.0,0.1494,0.0,0.0,0.1005,0.09949999999999999,0.0,0.0,0.0,0.0,0.0,0.0,0.0,0.0,1.537
592,0.6007,0.0,0.0989,0.0,0.1003,0.0,0.0,0.0983,0.1,0.0,0.0,0.0,0.0,0.0,0.0,0.0,0.0,1.5342
593,0.6524,0.0,0.09670000000000001,0.0,0.0,0.0,0.1,0.10189999999999999,0.0,0.0,0.0,0.0,0.0,0.0,0.0,0.0471,0.0,1.5374
594,0.7066,0.0,0.149,0.0396,0.0,0.0,0.1048,0.0,0.0,0.0,0.0,0.0,0.0,0.0,0.0,0.0,0.0,1.5123
595,0.7502,0.0,0.0301,0.0,0.0,0.0,0.1998,0.0,0.0199,0.0,0.0,0.0,0.0,0.0,0.0,0.0,0.0,1.508
596,0.6254,0.0,0.04360000000000001,0.0,0.1164,0.0,0.0,0.14980000000000002,0.0496,0.0,0.0,0.0,0.0,0.0,0.0,0.0152,0.0,1.5223
597,0.5714,0.0683,0.10980000000000001,0.0,0.2505,0.0,0.0,0.0,0.0,0.0,0.0,0.0,0.0,0.0,0.0,0.0,0.0,1.5548
598,0.5738000000000001,0.06860000000000001,0.1101,0.0559,0.1916,0.0,0.0,0.0,0.0,0.0,0.0,0.0,0.0,0.0,0.0,0.0,0.0,1.5477
599,0.7873000000000001,0.1446,0.0,0.0,0.0,0.0,0.0,0.038700000000000005,0.0087,0.0,0.0,0.0,0.0,0.0207,0.0,0.0,0.0,1.4836
600,0.7572,0.1052,0.0512,0.0,0.0102,0.01,0.0,0.06620000000000001,0.0,0.0,0.0,0.0,0.0,0.0,0.0,0.0,0.0,1.4873
601,0.6742,0.0724,0.1257,0.045700000000000005,0.0384,0.04360000000000001,0.0,0.0,0.0,0.0,0.0,0.0,0.0,0.0,0.0,0.0,0.0,1.5156
602,0.6741,0.0415,0.0611,0.0861,0.056900000000000006,0.0,0.0,0.050499999999999996,0.0,0.0298,0.0,0.0,0.0,0.0,0.0,0.0,0.0,1.5193
603,0.505,0.1915,0.0,0.0,0.0983,0.0,0.0,0.1034,0.1018,0.0,0.0,0.0,0.0,0.0,0.0,0.0,0.0,1.5343
604,0.5245000000000001,0.18460000000000001,0.1061,0.0,0.0,0.0,0.0,0.1042,0.0806,0.0,0.0,0.0,0.0,0.0,0.0,0.0,0.0,1.5024
605,0.45920000000000005,0.0,0.0027,0.0,0.4389,0.0,0.0,0.046200000000000005,0.0,0.0,0.0,0.0,0.0,0.0,0.0,0.0,0.0504,1.5935
606,0.46130000000000004,0.0,0.0,0.0,0.2706,0.0,0.0,0.2374,0.0,0.0,0.0,0.0,0.0,0.0,0.0,0.0,0.030699999999999998,1.5583
607,0.6377,0.0,0.0989,0.0533,0.0,0.0,0.1988,0.0,0.0,0.0,0.0,0.0,0.0,0.0,0.0,0.0,0.0,1.5392
608,0.632,0.0,0.0986,0.0517,0.0,0.0,0.09910000000000001,0.1072,0.0,0.0,0.0,0.0,0.0,0.0,0.0,0.0,0.0,1.5255
609,0.5997,0.0,0.1998,0.0,0.0001,0.0,0.0,0.19899999999999998,0.0,0.0,0.0,0.0,0.0,0.0,0.0,0.0,0.0,1.5027
610,0.6594,0.0,0.1568,0.0,0.0001,0.0,0.0,0.0,0.18300000000000002,0.0,0.0,0.0,0.0,0.0,0.0,0.0,0.0,1.5057
611,0.5929,0.0,0.2464,0.0,0.0001,0.0,0.0,0.1595,0.0,8.706000000000001e-05,0.0,0.0,0.0,0.0,0.0,0.0,0.0,1.51
612,0.5506000000000001,0.0,0.14150000000000001,0.0016,0.20579999999999998,0.0,0.0,0.0992,0.0,0.0,0.0,0.0,0.0,0.0,0.0,0.0,0.0,1.5482
613,0.5968,0.0,0.1472,0.0012,0.153,0.0,0.0,0.0509,0.0499,8.285000000000001e-05,6.508e-05,0.0,0.0,0.0,0.0,0.0,0.0,1.5307
614,0.5515,0.0,0.1438,0.0,0.2036,0.0,0.0,0.051,0.0501,0.0,0.0,0.0,0.0,0.0,0.0,0.0,0.0,1.5446
615,0.6531999999999999,0.0,0.1524,0.0,0.0,0.0,0.073,0.07490000000000001,0.0,0.0,0.0,0.0,0.0,0.04650000000000001,0.0,0.0,0.0,1.53
616,0.6598999999999999,0.0,0.1518,0.0384,0.0,0.0,0.0722,0.07769999999999999,0.0,0.0,0.0,0.0,0.0,0.0,0.0,0.0,0.0,1.511
617,0.6508,0.0,0.1519,0.0,0.0,0.0,0.0735,0.0781,0.0,0.0,0.045700000000000005,0.0,0.0,0.0,0.0,0.0,0.0,1.519
618,0.6584000000000001,0.0,0.1452,0.0,0.0,0.0,0.07200000000000001,0.0757,0.0,0.0487,0.0,0.0,0.0,0.0,0.0,0.0,0.0,1.517
619,0.6528,0.0,0.1496,0.0,0.0496,0.0,0.0719,0.0761,0.0,0.0,0.0,0.0,0.0,0.0,0.0,0.0,0.0,1.519
620,0.65,0.0,0.1512,0.0,0.0,0.051,0.0724,0.07540000000000001,0.0,0.0,0.0,0.0,0.0,0.0,0.0,0.0,0.0,1.525
621,0.6364,0.0,0.0495,0.0,0.0,0.2003,0.0,0.062400000000000004,0.047599999999999996,0.0,0.0038,0.0,0.0,0.0,0.0,0.0,0.0,1.568
622,0.6497,0.0,0.049,0.0,0.0,0.09670000000000001,0.0,0.0579,0.0493,0.0,0.0974,0.0,0.0,0.0,0.0,0.0,0.0,1.56
623,0.645,0.0,0.0493,0.0,0.0,0.0018,0.0,0.059699999999999996,0.0507,0.0,0.1935,0.0,0.0,0.0,0.0,0.0,0.0,1.548
624,0.6342,0.0,0.048499999999999995,0.0,0.0487,0.1003,0.0,0.0654,0.052300000000000006,0.0,0.0506,0.0,0.0,0.0,0.0,0.0,0.0,1.557
625,0.6395000000000001,0.0,0.0497,0.001,0.0993,0.0,0.0,0.061900000000000004,0.0518,0.0,0.0968,0.0,0.0,0.0,0.0,0.0,0.0,1.54
626,0.6422,0.0,0.0496,0.0022,0.201,0.0,0.0,0.0562,0.0488,0.0,0.0,0.0,0.0,0.0,0.0,0.0,0.0,1.54
627,0.6714,0.0,0.049,0.1765,0.0,0.0,0.0,0.0562,0.046900000000000004,0.0,0.0,0.0,0.0,0.0,0.0,0.0,0.0,1.512
628,0.5197999999999999,0.10960000000000002,0.10800000000000001,0.0012,0.15880000000000002,0.0,0.0,0.050800000000000005,0.050800000000000005,0.0,0.0,0.0,0.0,0.0,0.0,0.0,0.0,1.5281
629,0.5425,0.0954,0.07740000000000001,0.1549,0.0,0.0,0.0,0.051100000000000007,0.051,0.0002,0.0,0.0,0.0,0.0265,0.0,0.0,0.0,1.5235
630,0.5601,0.09390000000000001,0.0746,0.0,0.0,0.1489,0.0,0.049,0.0478,0.0,0.0,0.0,0.0,0.0,0.0,0.024900000000000002,0.0,1.5673
631,0.5507,0.10070000000000001,0.0741,0.0,0.0,0.0,0.0,0.0506,0.0493,0.0,0.1485,0.0,0.0,0.0,0.0,0.0253,0.0,1.5515
632,0.5891,0.0,0.0702,0.022400000000000003,0.2434,0.0,0.0,0.0004,0.049,0.0,6.171e-05,0.0,0.0,0.0242,0.0,0.0,0.0,1.561
633,0.5857,0.0,0.0702,0.027200000000000002,0.2407,0.0,0.0,0.0262,0.025400000000000002,0.0,6.088e-05,0.0,0.0,0.0233,0.0,0.0,0.0,1.56
634,0.6225,0.0,0.0793,0.0417,0.2541,0.0,0.0,0.0005,0.0,0.0,5.967e-05,0.0,0.0,0.0,0.0,0.0,0.0,1.563
635,0.5736,0.0,0.1187,0.0,0.0,0.08220000000000001,0.0,0.11470000000000001,0.11080000000000001,0.0,0.0,0.0,0.0,0.0,0.0,0.0,0.0,1.5477
636,0.499,0.0,0.10039999999999999,0.0,0.09910000000000001,0.0,0.0,0.1514,0.1501,0.0,0.0,0.0,0.0,0.0,0.0,0.0,0.0,1.532
637,0.5002000000000001,0.0,0.1517,0.0,0.0483,0.0,0.0,0.1512,0.1486,0.0,0.0,0.0,0.0,0.0,0.0,0.0,0.0,1.5229
638,0.6742,0.0793,0.1307,0.0,0.0,0.0201,0.0,0.0,0.0,0.055099999999999996,0.0406,0.0,0.0,0.0,0.0,0.0,0.0,1.516
639,0.1023,0.0,0.2965,0.0,0.6012,0.0,0.0,0.0,0.0,0.0,0.0,0.0,0.0,0.0,0.0,0.0,0.0,1.6571
640,0.1963,0.0,0.4071,0.0,0.39659999999999995,0.0,0.0,0.0,0.0,0.0,0.0,0.0,0.0,0.0,0.0,0.0,0.0,1.6188
641,0.203,0.0,0.30100000000000005,0.0,0.49600000000000005,0.0,0.0,0.0,0.0,0.0,0.0,0.0,0.0,0.0,0.0,0.0,0.0,1.6356
642,0.2911,0.0,0.3042,0.0,0.4047,0.0,0.0,0.0,0.0,0.0,0.0,0.0,0.0,0.0,0.0,0.0,0.0,1.6116
643,0.3045,0.0,0.197,0.0,0.4985,0.0,0.0,0.0,0.0,0.0,0.0,0.0,0.0,0.0,0.0,0.0,0.0,1.631
644,0.4032,0.0,0.2965,0.0,0.3003,0.0,0.0,0.0,0.0,0.0,0.0,0.0,0.0,0.0,0.0,0.0,0.0,1.5908
645,0.40700000000000003,0.0,0.1984,0.0,0.3946,0.0,0.0,0.0,0.0,0.0,0.0,0.0,0.0,0.0,0.0,0.0,0.0,1.607
646,0.3992,0.0,0.099,0.0,0.5018,0.0,0.0,0.0,0.0,0.0,0.0,0.0,0.0,0.0,0.0,0.0,0.0,1.6286
647,0.5039,0.0,0.201,0.0,0.29510000000000003,0.0,0.0,0.0,0.0,0.0,0.0,0.0,0.0,0.0,0.0,0.0,0.0,1.58
648,0.5165,0.0,0.0992,0.0,0.38430000000000003,0.0,0.0,0.0,0.0,0.0,0.0,0.0,0.0,0.0,0.0,0.0,0.0,1.6022
649,0.3024,0.0,0.0,0.0,0.0,0.0,0.0,0.0,0.2975,0.0,0.0,0.0,0.0,0.4001,0.0,0.0,0.0,1.69
650,0.4131,0.0,0.0,0.0,0.0,0.0,0.0,0.2964,0.0,0.0,0.0,0.0,0.0,0.29050000000000004,0.0,0.0,0.0,1.71
651,0.5072,0.0,0.0,0.0,0.0,0.0,0.0,0.3017,0.0,0.0,0.0,0.0,0.0,0.1911,0.0,0.0,0.0,1.64
652,0.5169,0.0,0.0,0.0,0.0,0.0,0.0,0.38799999999999996,0.0,0.0,0.0,0.0,0.0,0.0951,0.0,0.0,0.0,1.5652
653,0.7295999999999999,0.0,0.0,0.0,0.12210000000000001,0.0,0.0,0.0001,0.1443,0.0,0.0,0.0,0.0,0.0,0.0,0.0,0.0,1.518
654,0.1264,0.5285,0.0046,0.0,0.2009,0.0,0.0,0.0,0.0,0.0,0.0,0.0,0.09630000000000001,0.0,0.0,0.042699999999999995,0.0,1.67
655,0.1469,0.5017,0.0043,0.0,0.2031,0.0,0.0,0.0,0.0,0.0,0.0,0.0,0.0977,0.0,0.0,0.045700000000000005,0.0,1.683
656,0.09720000000000001,0.5539000000000001,0.0043,0.0,0.2036,0.0,0.0,0.0,0.0,0.0,0.0,0.0,0.0956,0.0,0.0,0.044800000000000006,0.0,1.675
657,0.142,0.5011,0.0044,0.08630000000000002,0.1301,0.0,0.0,0.0,0.0,0.0,0.0,0.0,0.092,0.0,0.0,0.0435,0.0,1.67
658,0.1585,0.5347999999999999,0.0044,0.0,0.12960000000000002,0.0,0.0,0.0,0.0,0.0,0.0353,0.0,0.095,0.0,0.0,0.0417,0.0,1.678
659,0.1259,0.5611,0.0049,0.0,0.1343,0.0245,0.0,0.0,0.0,0.0,0.0,0.0,0.10439999999999999,0.0,0.0,0.0442,0.0,1.67
660,0.6814,0.0,0.0,0.0,0.0103,0.0529,0.0,0.07690000000000001,0.056600000000000004,0.0646,0.0007000000000000001,0.0,0.0,0.055400000000000005,0.0,0.0,0.0,1.56
661,0.7161,0.0,0.0,0.0,0.0101,0.05480000000000001,0.0,0.07830000000000001,0.056900000000000006,0.0668,0.0021,0.0,0.0,0.0,0.0,0.0,0.0,1.56
662,0.7595000000000001,0.0,0.0,0.0,0.0118,0.022799999999999997,0.0,0.0804,0.0401,0.056600000000000004,0.0005,0.0,0.0,0.025099999999999997,0.0,0.0,0.0,1.53
663,0.7273000000000001,0.0,0.0,0.0003,0.0449,0.0106,0.0,0.0805,0.039,0.0705,0.0003,0.0,0.0,0.0235,0.0,0.0,0.0,1.534
664,0.7653,0.0,0.0,0.0,0.0,0.0298,0.0,0.08380000000000001,0.04190000000000001,0.0534,0.0006,0.0,0.0,0.0219,0.0,0.0,0.0,1.53
665,0.7571,0.0,0.0,0.0,0.0121,0.0248,0.0,0.0435,0.0729,0.0575,0.0005,0.0,0.0,0.028399999999999998,0.0,0.0,0.0,1.53
666,0.7432,0.0,0.0,0.0,0.011899999999999999,0.0242,0.0,0.1137,0.0204,0.056799999999999996,0.0005,0.0,0.0,0.026099999999999998,0.0,0.0,0.0,1.53
667,0.7587,0.0,0.0,0.0003,0.0354,0.0337,0.0,0.0848,0.0417,0.0235,0.0006,0.0,0.0,0.0169,0.0,0.0,0.0,1.53
668,0.7946,0.0,0.0,0.0,0.011899999999999999,0.0232,0.0,0.040999999999999995,0.06910000000000001,0.0504,0.0006,0.0,0.0,0.008199999999999999,0.0,0.0,0.0,1.51
669,0.0037,0.0,0.10210000000000001,0.0008,0.10070000000000001,0.0,0.0,0.0009,0.0,0.3018,0.0,0.0,0.0,0.0,0.0,0.0,0.49,1.5275
670,0.0789,0.0,0.2711,0.0689,0.5811000000000001,0.0,0.0,0.0,0.0,0.0,0.0,0.0,0.0,0.0,0.0,0.0,0.0,1.661
671,0.0796,0.0,0.2715,0.0695,0.5777,0.0,0.0,0.0,0.0,0.0,0.0,0.0,0.0,0.0,0.0,0.0,0.0,1.66381
672,0.0804,0.0,0.2606,0.0702,0.5835,0.0,0.0,0.0,0.0,0.0,0.0,0.0,0.0,0.0,0.0,0.0,0.0,1.66644
673,0.0812,0.0,0.2497,0.0709,0.5894,0.0,0.0,0.0,0.0,0.0,0.0,0.0,0.0,0.0,0.0,0.0,0.0,1.67264
674,0.0824,0.0,0.2768,0.047400000000000005,0.5925,0.0,0.0,0.0,0.0,0.0,0.0,0.0,0.0,0.0,0.0,0.0,0.0,1.66337
675,0.0795,0.0,0.2699,0.0694,0.5794,0.0,0.0,0.0,0.0,0.0,0.0,0.0,0.0,0.0,0.0,0.0,0.0,1.66399
676,0.0803,0.0,0.26940000000000003,0.0683,0.5783,0.0,0.0,0.0,0.0,0.0,0.0,0.0,0.0,0.0,0.0,0.0,0.0,1.66455
677,0.081,0.0,0.2554,0.0694,0.5869,0.0,0.0,0.0,0.0,0.0,0.0,0.0,0.0,0.0,0.0,0.0,0.0,1.66761
678,0.0819,0.0,0.2444,0.0702,0.5935,0.0,0.0,0.0,0.0,0.0,0.0,0.0,0.0,0.0,0.0,0.0,0.0,1.67327
679,0.0821,0.0,0.2384,0.0716,0.5954,0.0,0.0,0.0,0.0,0.0,0.0,0.0,0.0,0.0,0.0,0.0,0.0,1.67518
680,0.0824,0.0,0.23260000000000003,0.07200000000000001,0.5982999999999999,0.0,0.0,0.0,0.0,0.0,0.0,0.0,0.0,0.0,0.0,0.0,0.0,1.67689
681,0.0812,0.0,0.24960000000000002,0.0709,0.5893,0.0,0.0,0.0,0.0,0.0,0.0,0.0,0.0,0.0,0.0,0.0,0.0,1.67242
682,0.0816,0.0,0.244,0.0713,0.5922999999999999,0.0,0.0,0.0,0.0,0.0,0.0,0.0,0.0,0.0,0.0,0.0,0.0,1.67322
683,0.0802,0.0,0.2634,0.07,0.5820000000000001,0.0,0.0,0.0,0.0,0.0,0.0,0.0,0.0,0.0,0.0,0.0,0.0,1.66589
684,0.0804,0.0,0.2606,0.0703,0.5834,0.0,0.0,0.0,0.0,0.0,0.0,0.0,0.0,0.0,0.0,0.0,0.0,1.66716
685,0.0706,0.0,0.2552,0.0808,0.5863,0.0,0.0,0.0,0.0,0.0,0.0,0.0,0.0,0.0,0.0,0.0,0.0,1.66769
686,0.0812,0.0,0.24960000000000002,0.0709,0.5892000000000001,0.0,0.0,0.0,0.0,0.0,0.0,0.0,0.0,0.0,0.0,0.0,0.0,1.67255
687,0.0816,0.0,0.2439,0.0713,0.5922999999999999,0.0,0.0,0.0,0.0,0.0,0.0,0.0,0.0,0.0,0.0,0.0,0.0,1.67377
688,0.0821,0.0,0.23809999999999998,0.0717,0.5953,0.0,0.0,0.0,0.0,0.0,0.0,0.0,0.0,0.0,0.0,0.0,0.0,1.67518
689,0.7204,0.0,0.0088,0.0296,0.10650000000000001,0.0,0.0,0.13,0.0032,0.0,0.0,0.0,0.0,0.0,0.0,0.0,0.0,1.52
690,0.19,0.2,0.0,0.0,0.0,0.0,0.0,0.0,0.0,0.6,0.0,0.0,0.0,0.0,0.0,0.0,0.0,1.774
691,0.0,0.0,0.1724,0.0,0.18910000000000002,0.0,0.1761,0.0,0.0,0.0,0.0,0.0,0.0,0.0,0.46240000000000003,0.0,0.0,1.729
692,0.0,0.0,0.1764,0.0,0.1935,0.0,0.1353,0.0217,0.0,0.0,0.0,0.0,0.0,0.0,0.4731,0.0,0.0,1.703
693,0.0,0.0,0.1807,0.0,0.1981,0.0,0.09240000000000001,0.044500000000000005,0.0,0.0,0.0,0.0,0.0,0.0,0.4843,0.0,0.0,1.713
694,0.0,0.0,0.18510000000000001,0.0,0.2029,0.0,0.04730000000000001,0.0684,0.0,0.0,0.0,0.0,0.0,0.0,0.4963,0.0,0.0,1.724
695,0.0,0.0,0.1898,0.0,0.20809999999999998,0.0,0.0,0.0934,0.0,0.0,0.0,0.0,0.0,0.0,0.5086999999999999,0.0,0.0,1.757
696,0.8025,0.0,0.0,0.0,0.0,0.04190000000000001,0.0,0.15560000000000002,0.0,0.0,0.0,0.0,0.0,0.0,0.0,0.0,0.0,1.665
697,0.8281000000000001,0.0,0.0,0.0,0.0,0.0649,0.0,0.107,0.0,0.0,0.0,0.0,0.0,0.0,0.0,0.0,0.0,1.748
698,0.0,0.2,0.0,0.0,0.1,0.0,0.05,0.0,0.0,0.0,0.0,0.0,0.0,0.0,0.0,0.0,0.65,1.51742
699,0.0,0.15,0.05,0.0,0.1,0.0,0.05,0.0,0.0,0.0,0.0,0.0,0.0,0.0,0.0,0.0,0.65,1.52289
700,0.0,0.1,0.1,0.0,0.1,0.0,0.05,0.0,0.0,0.0,0.0,0.0,0.0,0.0,0.0,0.0,0.65,1.52742
701,0.0,0.05,0.15,0.0,0.1,0.0,0.05,0.0,0.0,0.0,0.0,0.0,0.0,0.0,0.0,0.0,0.65,1.52702
702,0.0,0.0,0.2,0.0,0.1,0.0,0.05,0.0,0.0,0.0,0.0,0.0,0.0,0.0,0.0,0.0,0.65,1.52486
703,0.53,0.03,0.0,0.13,0.0,0.04,0.095,0.09,0.0,0.01,0.04,0.0,0.0,0.035,0.0,0.0,0.0,1.589
704,0.53,0.03,0.0,0.08,0.0,0.04,0.095,0.09,0.0,0.06,0.04,0.0,0.0,0.035,0.0,0.0,0.0,1.594
705,0.53,0.03,0.0,0.03,0.0,0.04,0.095,0.09,0.0,0.11,0.04,0.0,0.0,0.035,0.0,0.0,0.0,1.599
706,0.53,0.03,0.0,0.01,0.0,0.04,0.095,0.09,0.0,0.13,0.04,0.0,0.0,0.035,0.0,0.0,0.0,1.601
707,0.53,0.03,0.0,0.08,0.0,0.06,0.095,0.09,0.0,0.02,0.06,0.0,0.0,0.035,0.0,0.0,0.0,1.598
708,0.53,0.03,0.0,0.07,0.0,0.06,0.095,0.09,0.0,0.03,0.06,0.0,0.0,0.035,0.0,0.0,0.0,1.599
709,0.53,0.03,0.0,0.05,0.0,0.06,0.095,0.09,0.0,0.05,0.06,0.0,0.0,0.035,0.0,0.0,0.0,1.601
710,0.53,0.03,0.0,0.01,0.0,0.06,0.095,0.09,0.0,0.09,0.06,0.0,0.0,0.035,0.0,0.0,0.0,1.605
711,0.7138,0.0347,0.023700000000000002,0.045,0.0765,0.0,0.0,0.1063,0.0,0.0,0.0,0.0,0.0,0.0,0.0,0.0,0.0,1.507
712,0.7061000000000001,0.0351,0.024,0.0454,0.0926,0.0,0.0,0.0788,0.013000000000000001,0.0,0.0,0.0,0.0,0.0,0.0,0.005,0.0,1.513
713,0.595,0.0,0.040999999999999995,0.0,0.08800000000000001,0.142,0.0,0.0,0.0,0.0,0.047,0.0,0.015,0.052000000000000005,0.0,0.02,0.0,1.638
714,0.6,0.0,0.040999999999999995,0.0,0.08800000000000001,0.14300000000000002,0.0,0.0,0.0,0.0,0.048,0.0,0.018000000000000002,0.042,0.0,0.02,0.0,1.637
715,0.5967,0.0,0.049,0.0,0.08810000000000001,0.14220000000000002,0.0,0.0,0.0,0.0,0.047,0.0,0.015,0.042,0.0,0.02,0.0,1.632
716,0.614,0.0,0.040999999999999995,0.0,0.073,0.14300000000000002,0.0,0.0,0.0,0.0,0.048,0.0,0.015,0.032,0.0,0.034,0.0,1.631
717,0.5967,0.0,0.049,0.0,0.08810000000000001,0.14220000000000002,0.0,0.0,0.0,0.0,0.047,0.0,0.015,0.042,0.0,0.02,0.0,1.636
718,0.5657,0.0,0.0654,0.0,0.1545,0.0,0.0,0.0,0.0,0.131,0.0,0.0,0.0,0.0834,0.0,0.0,0.0,1.6284
719,0.563,0.0,0.0858,0.0,0.1471,0.0,0.0,0.0,0.0,0.1261,0.0,0.0,0.0,0.078,0.0,0.0,0.0,1.6223
720,0.5595,0.0,0.060700000000000004,0.0,0.1461,0.0,0.0,0.0,0.0,0.1562,0.0,0.0,0.0,0.0775,0.0,0.0,0.0,1.6303
721,0.5362,0.0,0.0708,0.0,0.16460000000000002,0.0,0.0,0.0,0.0,0.1381,0.0,0.0,0.0,0.09029999999999999,0.0,0.0,0.0,1.6432
722,0.5506000000000001,0.0,0.08320000000000001,0.0,0.1868,0.0,0.0,0.0,0.0,0.08990000000000001,0.0,0.0,0.0,0.0895,0.0,0.0,0.0,1.6316
723,0.5394,0.0,0.0815,0.0,0.1597,0.0,0.04360000000000001,0.0,0.0,0.08810000000000001,0.0,0.0,0.0,0.0877,0.0,0.0,0.0,1.6319
724,0.5422,0.0,0.0883,0.0,0.1489,0.0,0.0438,0.0,0.0,0.0805,0.0,0.0,0.0,0.09630000000000001,0.0,0.0,0.0,1.6322
725,0.5518,0.0,0.0599,0.0,0.1883,0.0,0.0,0.0,0.0,0.1236,0.0,0.0,0.0,0.0764,0.0,0.0,0.0,1.633
726,0.5797,0.0,0.071,0.0,0.1201,0.0,0.0,0.0,0.0,0.1386,0.0,0.0,0.0,0.0906,0.0,0.0,0.0,1.6226
727,0.5506000000000001,0.0,0.08320000000000001,0.0,0.1868,0.0,0.0,0.0,0.0,0.08779999999999999,0.0,0.0,0.0,0.0916,0.0,0.0,0.0,1.6316
728,0.5084000000000001,0.054900000000000004,0.037000000000000005,0.1139,0.04,0.1309,0.0,0.0,0.0,0.0,0.0579,0.0,0.0,0.038,0.0,0.019,0.0,1.83
729,0.254,0.34159999999999996,0.19090000000000001,0.0362,0.0373,0.0,0.0344,0.0,0.0524,0.0,0.024700000000000003,0.0,0.0,0.0,0.0,0.0103,0.0,1.548454
730,0.452,0.2701,0.031200000000000002,0.052000000000000005,0.0,0.0919,0.043,0.0,0.0449,0.0,0.0,0.0,0.0,0.0,0.0,0.0,0.0,1.557029
731,0.6899,0.0,0.0348,0.024700000000000003,0.12,0.0,0.0,0.0704,0.0298,0.0,0.0,0.0,0.0,0.0304,0.0,0.0,0.0,1.531
732,0.598,0.0,0.0736,0.0388,0.23399999999999999,0.0,0.0,0.005,0.0,0.0115,0.0,0.0,0.0,0.0391,0.0,0.0,0.0,1.582
733,0.6507,0.0501,0.0497,0.05,0.17,0.0,0.0,0.029500000000000002,0.0,0.0,0.0,0.0,0.0,0.0,0.0,0.0,0.0,1.53
734,0.6505,0.050300000000000004,0.05,0.0396,0.1699,0.0,0.0,0.029700000000000004,0.0,0.0,0.0,0.0,0.0,0.01,0.0,0.0,0.0,1.531
735,1.0,0.0,0.0,0.0,0.0,0.0,0.0,0.0,0.0,0.0,0.0,0.0,0.0,0.0,0.0,0.0,0.0,1.4565
736,0.2586,0.33280000000000004,0.1943,0.0169,0.0253,0.0253,0.0349,0.0,0.0534,0.0,0.0325,0.0,0.0,0.0,0.0,0.01,0.0,1.547967
737,0.5718,0.0,0.07,0.0,0.16280000000000003,0.0,0.0,0.0,0.0,0.106,0.0,0.0,0.0,0.0894,0.0,0.0,0.0,1.6265
738,0.588,0.0,0.41200000000000003,0.0,0.0,0.0,0.0,0.0,0.0,0.0,0.0,0.0,0.0,0.0,0.0,0.0,0.0,1.54958
739,0.611,0.0,0.389,0.0,0.0,0.0,0.0,0.0,0.0,0.0,0.0,0.0,0.0,0.0,0.0,0.0,0.0,1.54467
740,0.66,0.0,0.34,0.0,0.0,0.0,0.0,0.0,0.0,0.0,0.0,0.0,0.0,0.0,0.0,0.0,0.0,1.53312
741,0.0,0.0,0.0,0.0,0.0,0.29850000000000004,0.0,0.0,0.0,0.0,0.0,0.0,0.0,0.1493,0.5472,0.0,0.0,1.82592
742,0.0,0.0,0.0,0.0,0.3059,0.0,0.0,0.1959,0.0,0.0,0.0,0.0,0.0,0.0,0.0,0.0,0.4978,1.5169
743,0.0,0.0,0.0,0.0,0.23809999999999998,0.0,0.0,0.1991,0.0,0.0,0.069,0.0,0.0,0.0,0.0,0.0,0.4933,1.5204
744,0.0,0.0,0.0,0.0,0.1549,0.0,0.0,0.19190000000000002,0.0,0.0,0.1569,0.0,0.0,0.0,0.0,0.0,0.49590000000000006,1.5234
745,0.0,0.0,0.0,0.0,0.0789,0.0,0.0,0.1967,0.0,0.0,0.22469999999999998,0.0,0.0,0.0,0.0,0.0,0.49920000000000003,1.5252
746,0.0,0.0,0.0,0.0,0.0,0.0,0.0,0.2029,0.0,0.0,0.2979,0.0,0.0,0.0,0.0,0.0,0.4988,1.5275
747,0.0,0.0,0.0,0.0,0.30210000000000004,0.0,0.0,0.18510000000000001,0.0,0.0,0.0,0.0,0.0,0.0,0.0,0.0,0.5123,1.5176
748,0.0,0.0,0.0,0.0,0.2261,0.0,0.0,0.1852,0.0,0.0,0.07200000000000001,0.0,0.0,0.0,0.0,0.0,0.5162,1.5206
749,0.0,0.0,0.0,0.0,0.1561,0.0,0.0,0.1841,0.0,0.0,0.1421,0.0,0.0,0.0,0.0,0.0,0.5173,1.5233
750,0.0,0.0,0.0,0.0,0.075,0.0,0.0,0.1821,0.0,0.0,0.22510000000000002,0.0,0.0,0.0,0.0,0.0,0.5171,1.5259
751,0.0,0.0,0.0,0.0,0.0,0.0,0.0,0.18670000000000003,0.0,0.0,0.2965,0.0,0.0,0.0,0.0,0.0,0.5162,1.5282
752,0.0,0.0,0.2911,0.0,0.0,0.0,0.0242,0.0,0.0,0.0,0.0,0.0,0.0,0.0,0.0,0.0,0.6837000000000001,1.5268
753,0.5,0.0,0.1,0.11,0.0,0.0,0.0,0.0,0.0,0.29,0.0,0.0,0.0,0.0,0.0,0.0,0.0,1.607
754,0.51,0.0,0.11,0.22,0.0,0.0,0.0,0.0,0.0,0.16,0.0,0.0,0.0,0.0,0.0,0.0,0.0,1.586
755,0.5,0.0,0.12,0.13,0.05,0.0,0.0,0.0,0.0,0.2,0.0,0.0,0.0,0.0,0.0,0.0,0.0,1.595
756,0.5,0.0,0.12,0.16,0.0,0.0,0.0,0.0,0.0,0.18,0.0,0.0,0.01,0.01,0.0,0.01,0.0,1.62
757,0.47000000000000003,0.0,0.12,0.18,0.0,0.0,0.0,0.0,0.0,0.2,0.0,0.0,0.0,0.0,0.0,0.0,0.03,1.585
