,SiO2,B2O3,Al2O3,MgO,CaO,BaO,Li2O,Na2O,K2O,ZnO,SrO,PbO,La2O3,TiO2,GeO2,ZrO2,P2O5,nF
0,0.0,0.76,0.0,0.0,0.0,0.0,0.0,0.0,0.0,0.0,0.0,0.24,0.0,0.0,0.0,0.0,0.0,1.676
1,0.0,0.68,0.0,0.0,0.0,0.0,0.0,0.0,0.0,0.0,0.0,0.32,0.0,0.0,0.0,0.0,0.0,1.746
2,0.0,0.6,0.0,0.0,0.0,0.0,0.0,0.0,0.0,0.0,0.0,0.4,0.0,0.0,0.0,0.0,0.0,1.828
3,0.0,0.52,0.0,0.0,0.0,0.0,0.0,0.0,0.0,0.0,0.0,0.48,0.0,0.0,0.0,0.0,0.0,1.903
4,0.0,0.44,0.0,0.0,0.0,0.0,0.0,0.0,0.0,0.0,0.0,0.56,0.0,0.0,0.0,0.0,0.0,1.964
5,0.44,0.0,0.0,0.0,0.0,0.0,0.0,0.0,0.0,0.0,0.0,0.56,0.0,0.0,0.0,0.0,0.0,1.98
6,0.0,0.0,0.0,0.0,0.0,0.0,0.0,0.0,0.0,0.0,0.0,0.4,0.0,0.0,0.6,0.0,0.0,1.999
7,0.0,0.0,0.0,0.0,0.0,0.0,0.0,0.0,0.0,0.0,0.0,0.48,0.0,0.0,0.52,0.0,0.0,2.056
8,0.46,0.0,0.0,0.0,0.0,0.4,0.0,0.0,0.0,0.14,0.0,0.0,0.0,0.0,0.0,0.0,0.0,1.688
9,0.58,0.0,0.0,0.0,0.0,0.36,0.0,0.0,0.0,0.06,0.0,0.0,0.0,0.0,0.0,0.0,0.0,1.644
10,0.54,0.0,0.0,0.0,0.0,0.36,0.0,0.0,0.0,0.1,0.0,0.0,0.0,0.0,0.0,0.0,0.0,1.663
11,0.5,0.0,0.0,0.0,0.0,0.36,0.0,0.0,0.0,0.14,0.0,0.0,0.0,0.0,0.0,0.0,0.0,1.675
12,0.46,0.0,0.0,0.0,0.0,0.36,0.0,0.0,0.0,0.18,0.0,0.0,0.0,0.0,0.0,0.0,0.0,1.686
13,0.56,0.0,0.0,0.0,0.0,0.34,0.0,0.0,0.0,0.1,0.0,0.0,0.0,0.0,0.0,0.0,0.0,1.653
14,0.52,0.0,0.0,0.0,0.0,0.34,0.0,0.0,0.0,0.14,0.0,0.0,0.0,0.0,0.0,0.0,0.0,1.662
15,0.5,0.0,0.0,0.0,0.0,0.34,0.0,0.0,0.0,0.16,0.0,0.0,0.0,0.0,0.0,0.0,0.0,1.671
16,0.48,0.0,0.0,0.0,0.0,0.34,0.0,0.0,0.0,0.18,0.0,0.0,0.0,0.0,0.0,0.0,0.0,1.678
17,0.46,0.0,0.0,0.0,0.0,0.34,0.0,0.0,0.0,0.2,0.0,0.0,0.0,0.0,0.0,0.0,0.0,1.68
18,0.64,0.0,0.0,0.0,0.0,0.33,0.0,0.0,0.0,0.03,0.0,0.0,0.0,0.0,0.0,0.0,0.0,1.619
19,0.52,0.0,0.0,0.0,0.0,0.32,0.0,0.0,0.0,0.16,0.0,0.0,0.0,0.0,0.0,0.0,0.0,1.665
20,0.5,0.0,0.0,0.0,0.0,0.32,0.0,0.0,0.0,0.18,0.0,0.0,0.0,0.0,0.0,0.0,0.0,1.672
21,0.64,0.0,0.0,0.0,0.0,0.3,0.0,0.0,0.0,0.06,0.0,0.0,0.0,0.0,0.0,0.0,0.0,1.622
22,0.62,0.0,0.0,0.0,0.0,0.3,0.0,0.0,0.0,0.08,0.0,0.0,0.0,0.0,0.0,0.0,0.0,1.63
23,0.6,0.0,0.0,0.0,0.0,0.3,0.0,0.0,0.0,0.1,0.0,0.0,0.0,0.0,0.0,0.0,0.0,1.636
24,0.58,0.0,0.0,0.0,0.0,0.3,0.0,0.0,0.0,0.12,0.0,0.0,0.0,0.0,0.0,0.0,0.0,1.641
25,0.56,0.0,0.0,0.0,0.0,0.3,0.0,0.0,0.0,0.14,0.0,0.0,0.0,0.0,0.0,0.0,0.0,1.65
26,0.54,0.0,0.0,0.0,0.0,0.3,0.0,0.0,0.0,0.16,0.0,0.0,0.0,0.0,0.0,0.0,0.0,1.657
27,0.52,0.0,0.0,0.0,0.0,0.3,0.0,0.0,0.0,0.18,0.0,0.0,0.0,0.0,0.0,0.0,0.0,1.663
28,0.5,0.0,0.0,0.0,0.0,0.3,0.0,0.0,0.0,0.2,0.0,0.0,0.0,0.0,0.0,0.0,0.0,1.669
29,0.62,0.0,0.0,0.0,0.0,0.28,0.0,0.0,0.0,0.1,0.0,0.0,0.0,0.0,0.0,0.0,0.0,1.627
30,0.6,0.0,0.0,0.0,0.0,0.28,0.0,0.0,0.0,0.12,0.0,0.0,0.0,0.0,0.0,0.0,0.0,1.634
31,0.58,0.0,0.0,0.0,0.0,0.28,0.0,0.0,0.0,0.14,0.0,0.0,0.0,0.0,0.0,0.0,0.0,1.644
32,0.56,0.0,0.0,0.0,0.0,0.28,0.0,0.0,0.0,0.16,0.0,0.0,0.0,0.0,0.0,0.0,0.0,1.649
33,0.52,0.0,0.0,0.0,0.0,0.28,0.0,0.0,0.0,0.2,0.0,0.0,0.0,0.0,0.0,0.0,0.0,1.661
34,0.48,0.0,0.0,0.0,0.0,0.28,0.0,0.0,0.0,0.24,0.0,0.0,0.0,0.0,0.0,0.0,0.0,1.677
35,0.46,0.0,0.0,0.0,0.0,0.28,0.0,0.0,0.0,0.26,0.0,0.0,0.0,0.0,0.0,0.0,0.0,1.684
36,0.7000000000000001,0.0,0.0,0.0,0.0,0.26,0.0,0.0,0.0,0.04,0.0,0.0,0.0,0.0,0.0,0.0,0.0,1.597
37,0.68,0.0,0.0,0.0,0.0,0.26,0.0,0.0,0.0,0.06,0.0,0.0,0.0,0.0,0.0,0.0,0.0,1.605
38,0.66,0.0,0.0,0.0,0.0,0.26,0.0,0.0,0.0,0.08,0.0,0.0,0.0,0.0,0.0,0.0,0.0,1.613
39,0.64,0.0,0.0,0.0,0.0,0.26,0.0,0.0,0.0,0.1,0.0,0.0,0.0,0.0,0.0,0.0,0.0,1.617
40,0.62,0.0,0.0,0.0,0.0,0.26,0.0,0.0,0.0,0.12,0.0,0.0,0.0,0.0,0.0,0.0,0.0,1.626
41,0.6,0.0,0.0,0.0,0.0,0.26,0.0,0.0,0.0,0.14,0.0,0.0,0.0,0.0,0.0,0.0,0.0,1.632
42,0.58,0.0,0.0,0.0,0.0,0.26,0.0,0.0,0.0,0.16,0.0,0.0,0.0,0.0,0.0,0.0,0.0,1.642
43,0.56,0.0,0.0,0.0,0.0,0.26,0.0,0.0,0.0,0.18,0.0,0.0,0.0,0.0,0.0,0.0,0.0,1.647
44,0.54,0.0,0.0,0.0,0.0,0.26,0.0,0.0,0.0,0.2,0.0,0.0,0.0,0.0,0.0,0.0,0.0,1.656
45,0.5,0.0,0.0,0.0,0.0,0.26,0.0,0.0,0.0,0.24,0.0,0.0,0.0,0.0,0.0,0.0,0.0,1.67
46,0.46,0.0,0.0,0.0,0.0,0.26,0.0,0.0,0.0,0.28,0.0,0.0,0.0,0.0,0.0,0.0,0.0,1.683
47,0.7000000000000001,0.0,0.0,0.0,0.0,0.24,0.0,0.0,0.0,0.06,0.0,0.0,0.0,0.0,0.0,0.0,0.0,1.595
48,0.66,0.0,0.0,0.0,0.0,0.24,0.0,0.0,0.0,0.1,0.0,0.0,0.0,0.0,0.0,0.0,0.0,1.61
49,0.62,0.0,0.0,0.0,0.0,0.24,0.0,0.0,0.0,0.14,0.0,0.0,0.0,0.0,0.0,0.0,0.0,1.624
50,0.46,0.0,0.0,0.0,0.0,0.3,0.0,0.0,0.0,0.24,0.0,0.0,0.0,0.0,0.0,0.0,0.0,1.683
51,0.7000000000000001,0.0,0.0,0.0,0.0,0.28,0.0,0.0,0.0,0.02,0.0,0.0,0.0,0.0,0.0,0.0,0.0,1.601
52,0.64,0.0,0.0,0.0,0.0,0.28,0.0,0.0,0.0,0.08,0.0,0.0,0.0,0.0,0.0,0.0,0.0,1.618
53,0.52,0.0,0.0,0.0,0.0,0.24,0.0,0.0,0.0,0.24,0.0,0.0,0.0,0.0,0.0,0.0,0.0,1.66
54,0.5,0.0,0.0,0.0,0.0,0.24,0.0,0.0,0.0,0.26,0.0,0.0,0.0,0.0,0.0,0.0,0.0,1.672
55,0.66,0.0,0.0,0.0,0.0,0.2,0.0,0.0,0.0,0.14,0.0,0.0,0.0,0.0,0.0,0.0,0.0,1.611
56,0.6,0.0,0.0,0.0,0.0,0.2,0.0,0.0,0.0,0.2,0.0,0.0,0.0,0.0,0.0,0.0,0.0,1.635
57,0.58,0.0,0.0,0.0,0.0,0.2,0.0,0.0,0.0,0.22,0.0,0.0,0.0,0.0,0.0,0.0,0.0,1.63
58,0.52,0.0,0.0,0.0,0.0,0.2,0.0,0.0,0.0,0.28,0.0,0.0,0.0,0.0,0.0,0.0,0.0,1.658
59,0.5,0.0,0.0,0.0,0.0,0.2,0.0,0.0,0.0,0.3,0.0,0.0,0.0,0.0,0.0,0.0,0.0,1.665
60,0.52,0.0,0.0,0.0,0.0,0.18,0.0,0.0,0.0,0.3,0.0,0.0,0.0,0.0,0.0,0.0,0.0,1.659
61,0.48,0.0,0.0,0.0,0.0,0.18,0.0,0.0,0.0,0.34,0.0,0.0,0.0,0.0,0.0,0.0,0.0,1.674
62,0.6,0.0,0.0,0.0,0.0,0.16,0.0,0.0,0.0,0.24,0.0,0.0,0.0,0.0,0.0,0.0,0.0,1.626
63,0.5745,0.0,0.0,0.0,0.0,0.10640000000000001,0.0,0.0,0.0,0.3191,0.0,0.0,0.0,0.0,0.0,0.0,0.0,1.647
64,0.5,0.0,0.0,0.0,0.0,0.16,0.0,0.0,0.0,0.34,0.0,0.0,0.0,0.0,0.0,0.0,0.0,1.665
65,0.58,0.0,0.0,0.0,0.0,0.24,0.0,0.0,0.0,0.18,0.0,0.0,0.0,0.0,0.0,0.0,0.0,1.638
66,0.56,0.0,0.0,0.0,0.0,0.24,0.0,0.0,0.0,0.2,0.0,0.0,0.0,0.0,0.0,0.0,0.0,1.65
67,0.54,0.0,0.0,0.0,0.0,0.24,0.0,0.0,0.0,0.22,0.0,0.0,0.0,0.0,0.0,0.0,0.0,1.655
68,0.52,0.0,0.0,0.0,0.0,0.14,0.0,0.0,0.0,0.34,0.0,0.0,0.0,0.0,0.0,0.0,0.0,1.656
69,0.48,0.0,0.0,0.0,0.0,0.14,0.0,0.0,0.0,0.38,0.0,0.0,0.0,0.0,0.0,0.0,0.0,1.669
70,0.46,0.0,0.0,0.0,0.0,0.14,0.0,0.0,0.0,0.4,0.0,0.0,0.0,0.0,0.0,0.0,0.0,1.678
71,0.56,0.0,0.0,0.0,0.0,0.12,0.0,0.0,0.0,0.32,0.0,0.0,0.0,0.0,0.0,0.0,0.0,1.635
72,0.54,0.0,0.0,0.0,0.0,0.12,0.0,0.0,0.0,0.34,0.0,0.0,0.0,0.0,0.0,0.0,0.0,1.649
73,0.5,0.0,0.0,0.0,0.0,0.12,0.0,0.0,0.0,0.38,0.0,0.0,0.0,0.0,0.0,0.0,0.0,1.662
74,0.48,0.0,0.0,0.0,0.0,0.12,0.0,0.0,0.0,0.4,0.0,0.0,0.0,0.0,0.0,0.0,0.0,1.668
75,0.54,0.0,0.0,0.0,0.0,0.1,0.0,0.0,0.0,0.36,0.0,0.0,0.0,0.0,0.0,0.0,0.0,1.646
76,0.52,0.0,0.0,0.0,0.0,0.1,0.0,0.0,0.0,0.38,0.0,0.0,0.0,0.0,0.0,0.0,0.0,1.653
77,0.48,0.0,0.0,0.0,0.0,0.1,0.0,0.0,0.0,0.42,0.0,0.0,0.0,0.0,0.0,0.0,0.0,1.668
78,0.5,0.0,0.0,0.0,0.0,0.08,0.0,0.0,0.0,0.42,0.0,0.0,0.0,0.0,0.0,0.0,0.0,1.66
79,0.52,0.0,0.0,0.0,0.0,0.06,0.0,0.0,0.0,0.42,0.0,0.0,0.0,0.0,0.0,0.0,0.0,1.651
80,0.64,0.0,0.06,0.0,0.0,0.3,0.0,0.0,0.0,0.0,0.0,0.0,0.0,0.0,0.0,0.0,0.0,1.615
81,0.62,0.0,0.06,0.0,0.0,0.32,0.0,0.0,0.0,0.0,0.0,0.0,0.0,0.0,0.0,0.0,0.0,1.62
82,0.6,0.0,0.06,0.0,0.0,0.34,0.0,0.0,0.0,0.0,0.0,0.0,0.0,0.0,0.0,0.0,0.0,1.623
83,0.58,0.0,0.06,0.0,0.0,0.36,0.0,0.0,0.0,0.0,0.0,0.0,0.0,0.0,0.0,0.0,0.0,1.637
84,0.56,0.0,0.06,0.0,0.0,0.38,0.0,0.0,0.0,0.0,0.0,0.0,0.0,0.0,0.0,0.0,0.0,1.64
85,0.54,0.0,0.06,0.0,0.0,0.4,0.0,0.0,0.0,0.0,0.0,0.0,0.0,0.0,0.0,0.0,0.0,1.644
86,0.58,0.0,0.08,0.0,0.0,0.34,0.0,0.0,0.0,0.0,0.0,0.0,0.0,0.0,0.0,0.0,0.0,1.628
87,0.56,0.0,0.08,0.0,0.0,0.36,0.0,0.0,0.0,0.0,0.0,0.0,0.0,0.0,0.0,0.0,0.0,1.633
88,0.54,0.0,0.08,0.0,0.0,0.38,0.0,0.0,0.0,0.0,0.0,0.0,0.0,0.0,0.0,0.0,0.0,1.636
89,0.5,0.0,0.08,0.0,0.0,0.42,0.0,0.0,0.0,0.0,0.0,0.0,0.0,0.0,0.0,0.0,0.0,1.651
90,0.62,0.0,0.1,0.0,0.0,0.28,0.0,0.0,0.0,0.0,0.0,0.0,0.0,0.0,0.0,0.0,0.0,1.601
91,0.52,0.0,0.1,0.0,0.0,0.38,0.0,0.0,0.0,0.0,0.0,0.0,0.0,0.0,0.0,0.0,0.0,1.64
92,0.5,0.0,0.1,0.0,0.0,0.4,0.0,0.0,0.0,0.0,0.0,0.0,0.0,0.0,0.0,0.0,0.0,1.638
93,0.48,0.0,0.1,0.0,0.0,0.42,0.0,0.0,0.0,0.0,0.0,0.0,0.0,0.0,0.0,0.0,0.0,1.645
94,0.52,0.0,0.12,0.0,0.0,0.36,0.0,0.0,0.0,0.0,0.0,0.0,0.0,0.0,0.0,0.0,0.0,1.632
95,0.48,0.0,0.12,0.0,0.0,0.4,0.0,0.0,0.0,0.0,0.0,0.0,0.0,0.0,0.0,0.0,0.0,1.645
96,0.46,0.0,0.14,0.0,0.0,0.4,0.0,0.0,0.0,0.0,0.0,0.0,0.0,0.0,0.0,0.0,0.0,1.645
97,0.44,0.0,0.14,0.0,0.0,0.42,0.0,0.0,0.0,0.0,0.0,0.0,0.0,0.0,0.0,0.0,0.0,1.656
98,0.7000000000000001,0.0,0.0,0.0,0.0,0.28,0.0,0.0,0.0,0.0,0.0,0.0,0.02,0.0,0.0,0.0,0.0,1.617
99,0.68,0.0,0.0,0.0,0.0,0.3,0.0,0.0,0.0,0.0,0.0,0.0,0.02,0.0,0.0,0.0,0.0,1.625
100,0.65,0.0,0.0,0.0,0.0,0.33,0.0,0.0,0.0,0.0,0.0,0.0,0.02,0.0,0.0,0.0,0.0,1.637
101,0.63,0.0,0.0,0.0,0.0,0.35000000000000003,0.0,0.0,0.0,0.0,0.0,0.0,0.02,0.0,0.0,0.0,0.0,1.647
102,0.6,0.0,0.0,0.0,0.0,0.38,0.0,0.0,0.0,0.0,0.0,0.0,0.02,0.0,0.0,0.0,0.0,1.655
103,0.72,0.0,0.0,0.0,0.0,0.23,0.0,0.0,0.0,0.0,0.0,0.0,0.05,0.0,0.0,0.0,0.0,1.629
104,0.7000000000000001,0.0,0.0,0.0,0.0,0.25,0.0,0.0,0.0,0.0,0.0,0.0,0.05,0.0,0.0,0.0,0.0,1.64
105,0.67,0.0,0.0,0.0,0.0,0.28,0.0,0.0,0.0,0.0,0.0,0.0,0.05,0.0,0.0,0.0,0.0,1.651
106,0.62,0.0,0.0,0.0,0.0,0.33,0.0,0.0,0.0,0.0,0.0,0.0,0.05,0.0,0.0,0.0,0.0,1.67
107,0.6,0.0,0.0,0.0,0.0,0.35000000000000003,0.0,0.0,0.0,0.0,0.0,0.0,0.05,0.0,0.0,0.0,0.0,1.676
108,0.58,0.0,0.0,0.0,0.0,0.37,0.0,0.0,0.0,0.0,0.0,0.0,0.05,0.0,0.0,0.0,0.0,1.686
109,0.7000000000000001,0.0,0.0,0.0,0.0,0.23,0.0,0.0,0.0,0.0,0.0,0.0,0.07,0.0,0.0,0.0,0.0,1.653
110,0.68,0.0,0.0,0.0,0.0,0.25,0.0,0.0,0.0,0.0,0.0,0.0,0.07,0.0,0.0,0.0,0.0,1.661
111,0.63,0.0,0.0,0.0,0.0,0.3,0.0,0.0,0.0,0.0,0.0,0.0,0.07,0.0,0.0,0.0,0.0,1.681
112,0.58,0.0,0.0,0.0,0.0,0.35000000000000003,0.0,0.0,0.0,0.0,0.0,0.0,0.07,0.0,0.0,0.0,0.0,1.695
113,0.55,0.0,0.0,0.0,0.0,0.38,0.0,0.0,0.0,0.0,0.0,0.0,0.07,0.0,0.0,0.0,0.0,1.705
114,0.7000000000000001,0.0,0.0,0.0,0.0,0.2,0.0,0.0,0.0,0.0,0.0,0.0,0.1,0.0,0.0,0.0,0.0,1.679
115,0.67,0.0,0.0,0.0,0.0,0.23,0.0,0.0,0.0,0.0,0.0,0.0,0.1,0.0,0.0,0.0,0.0,1.684
116,0.65,0.0,0.0,0.0,0.0,0.25,0.0,0.0,0.0,0.0,0.0,0.0,0.1,0.0,0.0,0.0,0.0,1.692
117,0.65,0.0,0.0,0.0,0.0,0.23,0.0,0.0,0.0,0.0,0.0,0.0,0.12,0.0,0.0,0.0,0.0,1.709
118,0.55,0.0,0.0,0.0,0.0,0.25,0.0,0.0,0.0,0.0,0.0,0.0,0.0,0.2,0.0,0.0,0.0,1.746
119,0.5,0.0,0.0,0.0,0.0,0.25,0.0,0.0,0.0,0.0,0.0,0.0,0.0,0.25,0.0,0.0,0.0,1.796
120,0.45,0.0,0.0,0.0,0.0,0.25,0.0,0.0,0.0,0.0,0.0,0.0,0.0,0.3,0.0,0.0,0.0,1.844
121,0.4,0.0,0.0,0.0,0.0,0.25,0.0,0.0,0.0,0.0,0.0,0.0,0.0,0.35000000000000003,0.0,0.0,0.0,1.892
122,0.65,0.0,0.0,0.0,0.0,0.3,0.0,0.0,0.0,0.0,0.0,0.0,0.0,0.05,0.0,0.0,0.0,1.64
123,0.6,0.0,0.0,0.0,0.0,0.3,0.0,0.0,0.0,0.0,0.0,0.0,0.0,0.1,0.0,0.0,0.0,1.683
124,0.55,0.0,0.0,0.0,0.0,0.3,0.0,0.0,0.0,0.0,0.0,0.0,0.0,0.15,0.0,0.0,0.0,1.726
125,0.5,0.0,0.0,0.0,0.0,0.3,0.0,0.0,0.0,0.0,0.0,0.0,0.0,0.2,0.0,0.0,0.0,1.77
126,0.45,0.0,0.0,0.0,0.0,0.3,0.0,0.0,0.0,0.0,0.0,0.0,0.0,0.25,0.0,0.0,0.0,1.814
127,0.4,0.0,0.0,0.0,0.0,0.3,0.0,0.0,0.0,0.0,0.0,0.0,0.0,0.3,0.0,0.0,0.0,1.858
128,0.6,0.0,0.0,0.0,0.0,0.35000000000000003,0.0,0.0,0.0,0.0,0.0,0.0,0.0,0.05,0.0,0.0,0.0,1.643
129,0.55,0.0,0.0,0.0,0.0,0.35000000000000003,0.0,0.0,0.0,0.0,0.0,0.0,0.0,0.1,0.0,0.0,0.0,1.703
130,0.5,0.0,0.0,0.0,0.0,0.35000000000000003,0.0,0.0,0.0,0.0,0.0,0.0,0.0,0.15,0.0,0.0,0.0,1.744
131,0.66,0.0,0.0,0.0,0.0,0.32,0.0,0.0,0.0,0.0,0.0,0.0,0.0,0.0,0.0,0.0,0.0,1.644
132,0.62,0.0,0.0,0.0,0.0,0.36,0.0,0.0,0.0,0.0,0.0,0.0,0.0,0.0,0.0,0.0,0.0,1.657
133,0.58,0.0,0.0,0.0,0.0,0.4,0.0,0.0,0.0,0.0,0.0,0.0,0.0,0.0,0.0,0.0,0.0,1.673
134,0.7000000000000001,0.0,0.0,0.0,0.0,0.28,0.0,0.0,0.0,0.0,0.0,0.0,0.0,0.0,0.0,0.0,0.0,1.619
135,0.68,0.0,0.0,0.0,0.0,0.3,0.0,0.0,0.0,0.0,0.0,0.0,0.0,0.0,0.0,0.0,0.0,1.63
136,0.65,0.0,0.0,0.0,0.0,0.33,0.0,0.0,0.0,0.0,0.0,0.0,0.0,0.0,0.0,0.0,0.0,1.646
137,0.63,0.0,0.0,0.0,0.0,0.35000000000000003,0.0,0.0,0.0,0.0,0.0,0.0,0.0,0.0,0.0,0.0,0.0,1.652
138,0.6,0.0,0.0,0.0,0.0,0.38,0.0,0.0,0.0,0.0,0.0,0.0,0.0,0.0,0.0,0.0,0.0,1.672
139,0.58,0.0,0.0,0.0,0.0,0.4,0.0,0.0,0.0,0.0,0.0,0.0,0.0,0.0,0.0,0.0,0.0,1.67
140,0.68,0.0,0.0,0.0,0.0,0.3,0.0,0.0,0.0,0.0,0.0,0.0,0.0,0.0,0.0,0.0,0.0,1.629
141,0.65,0.0,0.0,0.0,0.0,0.33,0.0,0.0,0.0,0.0,0.0,0.0,0.0,0.0,0.0,0.0,0.0,1.648
142,0.7000000000000001,0.0,0.0,0.0,0.0,0.28,0.0,0.0,0.0,0.0,0.0,0.0,0.0,0.0,0.0,0.0,0.0,1.623
143,0.9875,0.0,0.01,0.0,0.0,0.0,0.0,0.0,0.0,0.0,0.0,0.0,0.0,0.0,0.0,0.0,0.0,1.469
144,0.975,0.0,0.02,0.0,0.0,0.0,0.0,0.0,0.0,0.0,0.0,0.0,0.0,0.0,0.0,0.0,0.0,1.478
145,0.7532,0.0,0.0,0.0,0.0,0.0,0.0,0.2372,0.0,0.0096,0.0,0.0,0.0,0.0,0.0,0.0,0.0,1.506
146,0.7552,0.0,0.0,0.0,0.0,0.0,0.0,0.2181,0.0,0.026600000000000002,0.0,0.0,0.0,0.0,0.0,0.0,0.0,1.508
147,0.7589,0.0,0.0,0.0,0.0,0.0,0.0,0.2064,0.0,0.0346,0.0,0.0,0.0,0.0,0.0,0.0,0.0,1.507
148,0.7582,0.0,0.0,0.0,0.0,0.0,0.0,0.19510000000000002,0.0,0.0466,0.0,0.0,0.0,0.0,0.0,0.0,0.0,1.511
149,0.7774,0.0,0.0,0.0,0.0,0.0,0.0,0.1714,0.0,0.0512,0.0,0.0,0.0,0.0,0.0,0.0,0.0,1.507
150,0.7579000000000001,0.0,0.0,0.0,0.0,0.0,0.0,0.1562,0.0,0.0859,0.0,0.0,0.0,0.0,0.0,0.0,0.0,1.514
151,0.7522,0.0,0.0,0.0,0.0,0.0,0.0,0.2477,0.0,0.0,0.0,0.0,0.0,0.0,0.0,0.0,0.0,1.504
152,0.7133,0.0,0.0,0.057999999999999996,0.0,0.0,0.0,0.22870000000000001,0.0,0.0,0.0,0.0,0.0,0.0,0.0,0.0,0.0,1.51
153,0.6697,0.0,0.0,0.1131,0.0,0.0,0.0,0.21710000000000002,0.0,0.0,0.0,0.0,0.0,0.0,0.0,0.0,0.0,1.515
154,0.7133,0.0,0.0,0.0,0.059500000000000004,0.0,0.0,0.22719999999999999,0.0,0.0,0.0,0.0,0.0,0.0,0.0,0.0,0.0,1.521
155,0.6673,0.0,0.0,0.0,0.1192,0.0,0.0,0.21350000000000002,0.0,0.0,0.0,0.0,0.0,0.0,0.0,0.0,0.0,1.534
156,0.35000000000000003,0.0,0.0,0.0,0.0,0.3,0.0,0.0,0.0,0.0,0.0,0.0,0.0,0.35000000000000003,0.0,0.0,0.0,1.905
157,0.5,0.0,0.0,0.0,0.0,0.3,0.0,0.0,0.0,0.0,0.0,0.0,0.0,0.2,0.0,0.0,0.0,1.767
158,0.3,0.0,0.0,0.0,0.0,0.3,0.0,0.0,0.0,0.0,0.0,0.0,0.0,0.4,0.0,0.0,0.0,1.945
159,0.2,0.0,0.0,0.0,0.0,0.3,0.0,0.0,0.0,0.0,0.0,0.0,0.0,0.5,0.0,0.0,0.0,2.047
160,0.4999,0.0,0.0,0.0,0.5,0.0,0.0,0.0,0.0,0.0,0.0,0.0,0.0,0.0,0.0,0.0,0.0,1.635
161,0.5,0.0,0.0,0.0,0.4376,0.0,0.0,0.0,0.0,0.0,0.062400000000000004,0.0,0.0,0.0,0.0,0.0,0.0,1.634
162,0.5001,0.0,0.0,0.0,0.3125,0.0,0.0,0.0,0.0,0.0,0.18739999999999998,0.0,0.0,0.0,0.0,0.0,0.0,1.634
163,0.5,0.0,0.0,0.0,0.2187,0.0,0.0,0.0,0.0,0.0,0.2812,0.0,0.0,0.0,0.0,0.0,0.0,1.636
164,0.5001,0.0,0.0,0.0,0.1875,0.0,0.0,0.0,0.0,0.0,0.3123,0.0,0.0,0.0,0.0,0.0,0.0,1.637
165,0.5001,0.0,0.0,0.0,0.0,0.0,0.0,0.0,0.0,0.0,0.4999,0.0,0.0,0.0,0.0,0.0,0.0,1.64
166,0.4999,0.0,0.0,0.0,0.3751,0.125,0.0,0.0,0.0,0.0,0.0,0.0,0.0,0.0,0.0,0.0,0.0,1.643
167,0.5,0.0,0.0,0.0,0.3,0.1999,0.0,0.0,0.0,0.0,0.0,0.0,0.0,0.0,0.0,0.0,0.0,1.649
168,0.5001,0.0,0.0,0.0,0.25,0.24989999999999998,0.0,0.0,0.0,0.0,0.0,0.0,0.0,0.0,0.0,0.0,0.0,1.653
169,0.5,0.0,0.0,0.0,0.20010000000000003,0.2999,0.0,0.0,0.0,0.0,0.0,0.0,0.0,0.0,0.0,0.0,0.0,1.658
170,0.5,0.0,0.0,0.0,0.1251,0.3749,0.0,0.0,0.0,0.0,0.0,0.0,0.0,0.0,0.0,0.0,0.0,1.666
171,0.6505,0.0,0.0,0.0,0.0,0.3204,0.0,0.0,0.0,0.0291,0.0,0.0,0.0,0.0,0.0,0.0,0.0,1.619
172,0.6,0.0,0.0,0.0,0.0,0.3111,0.0,0.0,0.0,0.0889,0.0,0.0,0.0,0.0,0.0,0.0,0.0,1.618
173,0.54,0.0,0.0,0.0,0.0,0.16,0.0,0.0,0.0,0.3,0.0,0.0,0.0,0.0,0.0,0.0,0.0,1.647
174,0.62,0.0,0.0,0.0,0.0,0.14,0.0,0.0,0.0,0.24,0.0,0.0,0.0,0.0,0.0,0.0,0.0,1.62
175,0.56,0.0,0.0,0.0,0.0,0.14,0.0,0.0,0.0,0.3,0.0,0.0,0.0,0.0,0.0,0.0,0.0,1.638
176,0.5333,0.0,0.0,0.0,0.0,0.1333,0.0,0.0,0.0,0.3333,0.0,0.0,0.0,0.0,0.0,0.0,0.0,1.63
177,0.54,0.0,0.0,0.0,0.0,0.12,0.0,0.0,0.0,0.34,0.0,0.0,0.0,0.0,0.0,0.0,0.0,1.647
178,0.46,0.0,0.0,0.0,0.0,0.12,0.0,0.0,0.0,0.42,0.0,0.0,0.0,0.0,0.0,0.0,0.0,1.679
179,0.64,0.0,0.08,0.0,0.0,0.28,0.0,0.0,0.0,0.0,0.0,0.0,0.0,0.0,0.0,0.0,0.0,1.605
180,0.52,0.0,0.08,0.0,0.0,0.4,0.0,0.0,0.0,0.0,0.0,0.0,0.0,0.0,0.0,0.0,0.0,1.643
181,0.6,0.0,0.1,0.0,0.0,0.3,0.0,0.0,0.0,0.0,0.0,0.0,0.0,0.0,0.0,0.0,0.0,1.609
182,0.58,0.0,0.1,0.0,0.0,0.32,0.0,0.0,0.0,0.0,0.0,0.0,0.0,0.0,0.0,0.0,0.0,1.615
183,0.56,0.0,0.1,0.0,0.0,0.34,0.0,0.0,0.0,0.0,0.0,0.0,0.0,0.0,0.0,0.0,0.0,1.624
184,0.54,0.0,0.1,0.0,0.0,0.36,0.0,0.0,0.0,0.0,0.0,0.0,0.0,0.0,0.0,0.0,0.0,1.631
185,0.46,0.0,0.12,0.0,0.0,0.42,0.0,0.0,0.0,0.0,0.0,0.0,0.0,0.0,0.0,0.0,0.0,1.653
186,0.44,0.0,0.12,0.0,0.0,0.44,0.0,0.0,0.0,0.0,0.0,0.0,0.0,0.0,0.0,0.0,0.0,1.659
187,0.42,0.0,0.12,0.0,0.0,0.46,0.0,0.0,0.0,0.0,0.0,0.0,0.0,0.0,0.0,0.0,0.0,1.666
188,0.46,0.0,0.14,0.0,0.0,0.4,0.0,0.0,0.0,0.0,0.0,0.0,0.0,0.0,0.0,0.0,0.0,1.646
189,0.42,0.0,0.14,0.0,0.0,0.44,0.0,0.0,0.0,0.0,0.0,0.0,0.0,0.0,0.0,0.0,0.0,1.663
190,0.44,0.0,0.16,0.0,0.0,0.4,0.0,0.0,0.0,0.0,0.0,0.0,0.0,0.0,0.0,0.0,0.0,1.649
191,0.42,0.0,0.16,0.0,0.0,0.42,0.0,0.0,0.0,0.0,0.0,0.0,0.0,0.0,0.0,0.0,0.0,1.656
192,0.58,0.0,0.0,0.0,0.0,0.32,0.0,0.0,0.0,0.0,0.0,0.0,0.1,0.0,0.0,0.0,0.0,1.713
193,0.0668,0.0,0.0,0.0,0.0,0.0,0.0,0.0668,0.0,0.0,0.0,0.0,0.0,0.0,0.8664000000000001,0.0,0.0,1.645
194,0.0689,0.0,0.0,0.0,0.0,0.0,0.0,0.0689,0.0,0.0,0.0,0.0,0.0,0.0,0.8622,0.0,0.0,1.647
195,0.07150000000000001,0.0,0.0,0.0,0.0,0.0,0.0,0.07150000000000001,0.0,0.0,0.0,0.0,0.0,0.0,0.8570000000000001,0.0,0.0,1.65
196,0.0734,0.0,0.0,0.0,0.0,0.0,0.0,0.0734,0.0,0.0,0.0,0.0,0.0,0.0,0.8531000000000001,0.0,0.0,1.652
197,0.0759,0.0,0.0,0.0,0.0,0.0,0.0,0.0759,0.0,0.0,0.0,0.0,0.0,0.0,0.8482,0.0,0.0,1.653
198,0.0784,0.0,0.0,0.0,0.0,0.0,0.0,0.0784,0.0,0.0,0.0,0.0,0.0,0.0,0.8432,0.0,0.0,1.655
199,0.08130000000000001,0.0,0.0,0.0,0.0,0.0,0.0,0.08130000000000001,0.0,0.0,0.0,0.0,0.0,0.0,0.8373999999999999,0.0,0.0,1.656
200,0.0839,0.0,0.0,0.0,0.0,0.0,0.0,0.0839,0.0,0.0,0.0,0.0,0.0,0.0,0.8322,0.0,0.0,1.658
201,0.08720000000000001,0.0,0.0,0.0,0.0,0.0,0.0,0.08720000000000001,0.0,0.0,0.0,0.0,0.0,0.0,0.8255,0.0,0.0,1.659
202,0.09050000000000001,0.0,0.0,0.0,0.0,0.0,0.0,0.09050000000000001,0.0,0.0,0.0,0.0,0.0,0.0,0.8189000000000001,0.0,0.0,1.66
203,0.1023,0.0,0.0,0.0,0.0,0.0,0.0,0.1023,0.0,0.0,0.0,0.0,0.0,0.0,0.7953,0.0,0.0,1.662
204,0.1066,0.0,0.0,0.0,0.0,0.0,0.0,0.1066,0.0,0.0,0.0,0.0,0.0,0.0,0.7868,0.0,0.0,1.662
205,0.0907,0.0,0.0,0.0,0.0,0.0,0.0,0.2663,0.0,0.0,0.0,0.0,0.0,0.0,0.643,0.0,0.0,1.64
206,0.09609999999999999,0.0,0.0,0.0,0.0,0.0,0.0,0.2227,0.0,0.0,0.0,0.0,0.0,0.0,0.6812,0.0,0.0,1.66
207,0.0,0.8,0.0,0.0,0.0,0.0,0.2,0.0,0.0,0.0,0.0,0.0,0.0,0.0,0.0,0.0,0.0,1.529
208,0.0,0.75,0.0,0.0,0.0,0.0,0.25,0.0,0.0,0.0,0.0,0.0,0.0,0.0,0.0,0.0,0.0,1.542
209,0.0,0.7000000000000001,0.0,0.0,0.0,0.0,0.3,0.0,0.0,0.0,0.0,0.0,0.0,0.0,0.0,0.0,0.0,1.557
210,0.0,0.65,0.0,0.0,0.0,0.0,0.35000000000000003,0.0,0.0,0.0,0.0,0.0,0.0,0.0,0.0,0.0,0.0,1.567
211,0.0,0.8,0.0,0.0,0.0,0.0,0.0,0.2,0.0,0.0,0.0,0.0,0.0,0.0,0.0,0.0,0.0,1.487
212,0.0,0.75,0.0,0.0,0.0,0.0,0.0,0.25,0.0,0.0,0.0,0.0,0.0,0.0,0.0,0.0,0.0,1.512
213,0.0,0.7000000000000001,0.0,0.0,0.0,0.0,0.0,0.3,0.0,0.0,0.0,0.0,0.0,0.0,0.0,0.0,0.0,1.517
214,0.0,0.65,0.0,0.0,0.0,0.0,0.0,0.35000000000000003,0.0,0.0,0.0,0.0,0.0,0.0,0.0,0.0,0.0,1.525
215,0.0,0.8,0.0,0.0,0.0,0.0,0.0,0.0,0.2,0.0,0.0,0.0,0.0,0.0,0.0,0.0,0.0,1.493
216,0.0,0.75,0.0,0.0,0.0,0.0,0.0,0.0,0.25,0.0,0.0,0.0,0.0,0.0,0.0,0.0,0.0,1.5
217,0.0,0.7000000000000001,0.0,0.0,0.0,0.0,0.0,0.0,0.3,0.0,0.0,0.0,0.0,0.0,0.0,0.0,0.0,1.506
218,0.0,0.65,0.0,0.0,0.0,0.0,0.0,0.0,0.35000000000000003,0.0,0.0,0.0,0.0,0.0,0.0,0.0,0.0,1.51
219,0.0,0.65,0.0,0.0,0.35000000000000003,0.0,0.0,0.0,0.0,0.0,0.0,0.0,0.0,0.0,0.0,0.0,0.0,1.609
220,0.0,0.7000000000000001,0.0,0.0,0.0,0.0,0.0,0.0,0.0,0.0,0.3,0.0,0.0,0.0,0.0,0.0,0.0,1.601
221,0.0,0.65,0.0,0.0,0.0,0.0,0.0,0.0,0.0,0.0,0.35000000000000003,0.0,0.0,0.0,0.0,0.0,0.0,1.617
222,0.0,0.8,0.0,0.0,0.0,0.2,0.0,0.0,0.0,0.0,0.0,0.0,0.0,0.0,0.0,0.0,0.0,1.573
223,0.0,0.75,0.0,0.0,0.0,0.25,0.0,0.0,0.0,0.0,0.0,0.0,0.0,0.0,0.0,0.0,0.0,1.597
224,0.0,0.7000000000000001,0.0,0.0,0.0,0.3,0.0,0.0,0.0,0.0,0.0,0.0,0.0,0.0,0.0,0.0,0.0,1.617
225,0.0,0.65,0.0,0.0,0.0,0.35000000000000003,0.0,0.0,0.0,0.0,0.0,0.0,0.0,0.0,0.0,0.0,0.0,1.634
226,0.0,0.793,0.0,0.0,0.0,0.207,0.0,0.0,0.0,0.0,0.0,0.0,0.0,0.0,0.0,0.0,0.0,1.567
227,0.0,0.767,0.0,0.0,0.0,0.233,0.0,0.0,0.0,0.0,0.0,0.0,0.0,0.0,0.0,0.0,0.0,1.58
228,0.0,0.74,0.0,0.0,0.0,0.26,0.0,0.0,0.0,0.0,0.0,0.0,0.0,0.0,0.0,0.0,0.0,1.592
229,0.0,0.715,0.0,0.0,0.0,0.28500000000000003,0.0,0.0,0.0,0.0,0.0,0.0,0.0,0.0,0.0,0.0,0.0,1.605
230,0.0,0.6920000000000001,0.0,0.0,0.0,0.308,0.0,0.0,0.0,0.0,0.0,0.0,0.0,0.0,0.0,0.0,0.0,1.616
231,0.0,0.6659999999999999,0.0,0.0,0.0,0.334,0.0,0.0,0.0,0.0,0.0,0.0,0.0,0.0,0.0,0.0,0.0,1.626
232,0.0,0.642,0.0,0.0,0.0,0.358,0.0,0.0,0.0,0.0,0.0,0.0,0.0,0.0,0.0,0.0,0.0,1.635
233,0.0,0.614,0.0,0.0,0.0,0.386,0.0,0.0,0.0,0.0,0.0,0.0,0.0,0.0,0.0,0.0,0.0,1.643
234,0.0,0.6,0.0,0.0,0.0,0.4,0.0,0.0,0.0,0.0,0.0,0.0,0.0,0.0,0.0,0.0,0.0,1.648
235,0.0,0.789,0.0,0.0,0.0,0.21100000000000002,0.0,0.0,0.0,0.0,0.0,0.0,0.0,0.0,0.0,0.0,0.0,1.569
236,0.0,0.6890000000000001,0.0,0.0,0.0,0.311,0.0,0.0,0.0,0.0,0.0,0.0,0.0,0.0,0.0,0.0,0.0,1.618
237,0.0,0.5,0.0,0.0,0.0,0.0,0.0,0.0,0.0,0.5,0.0,0.0,0.0,0.0,0.0,0.0,0.0,1.658
238,0.0,0.0,0.0,0.0,0.0,0.0,0.0,0.0,0.0,0.0,0.0,0.0,0.0,0.15,0.85,0.0,0.0,1.67
239,0.0,0.0,0.0,0.0,0.0,0.0,0.0,0.334,0.0,0.0,0.0,0.0,0.0,0.33299999999999996,0.33299999999999996,0.0,0.0,1.799
240,0.0,0.0,0.0,0.0,0.0,0.0,0.0,0.25,0.0,0.0,0.0,0.0,0.0,0.25,0.5,0.0,0.0,1.804
241,0.0,0.0,0.0,0.0,0.0,0.0,0.0,0.05,0.0,0.0,0.0,0.0,0.0,0.05,0.9,0.0,0.0,1.699
242,0.7068000000000001,0.2777,0.0,0.0,0.0,0.0,0.0,0.0,0.0144,0.0,0.0,0.0,0.0,0.0,0.0,0.0,0.0,1.468
243,0.0,0.0,0.0,0.0,0.0,0.0,0.0,0.0,0.0,0.0,0.0,0.0,0.0,0.0,1.0,0.0,0.0,1.618
244,0.0,0.75,0.0,0.0,0.0,0.0,0.0,0.0,0.0,0.0,0.0,0.0,0.25,0.0,0.0,0.0,0.0,1.74
245,0.0,0.0,0.0,0.5,0.0,0.0,0.0,0.0,0.0,0.0,0.0,0.0,0.0,0.0,0.0,0.0,0.5,1.499
246,0.0,0.0,0.0,0.0,0.5,0.0,0.0,0.0,0.0,0.0,0.0,0.0,0.0,0.0,0.0,0.0,0.5,1.554
247,0.0,0.0,0.0,0.0,0.0,0.0,0.0,0.0,0.0,0.5,0.0,0.0,0.0,0.0,0.0,0.0,0.5,1.524
248,0.0,0.0,0.0,0.0,0.0,0.0,0.0,0.0,0.0,0.0,0.5,0.0,0.0,0.0,0.0,0.0,0.5,1.564
249,0.0,0.0,0.0,0.0,0.0,0.5,0.0,0.0,0.0,0.0,0.0,0.0,0.0,0.0,0.0,0.0,0.5,1.591
250,0.0,0.0,0.0,0.0,0.0,0.0,0.0,0.0,0.0,0.0,0.0,0.5,0.0,0.0,0.0,0.0,0.5,1.738
251,0.0,0.0,0.25,0.0,0.0,0.0,0.0,0.0,0.0,0.0,0.0,0.0,0.0,0.0,0.0,0.0,0.75,1.532
252,0.0,0.0,0.0,0.0,0.0,0.0,0.0,0.0,0.0,0.0,0.0,0.0,0.25,0.0,0.0,0.0,0.75,1.601
253,0.0,0.0,0.1429,0.0,0.0,0.2857,0.0,0.0,0.0,0.0,0.0,0.0,0.0,0.5714,0.0,0.0,0.0,2.045
254,0.0,0.6900000000000001,0.0,0.0,0.0,0.305,0.0,0.0,0.0,0.0,0.0,0.0,0.0,0.0,0.0,0.0,0.0,1.627
255,0.0,0.6900000000000001,0.0,0.0,0.0,0.3,0.0,0.0,0.0,0.0,0.0,0.0,0.0,0.0,0.0,0.0,0.0,1.633
256,0.0,0.5,0.0,0.0,0.0,0.4,0.0,0.0,0.0,0.0,0.0,0.0,0.0,0.1,0.0,0.0,0.0,1.693
257,0.0,0.55,0.0,0.0,0.0,0.4,0.0,0.0,0.0,0.0,0.0,0.0,0.0,0.05,0.0,0.0,0.0,1.671
258,0.0,0.45,0.0,0.0,0.0,0.4,0.0,0.0,0.0,0.0,0.0,0.0,0.0,0.15,0.0,0.0,0.0,1.739
259,0.0,0.4,0.0,0.0,0.0,0.4,0.0,0.0,0.0,0.0,0.0,0.0,0.0,0.2,0.0,0.0,0.0,1.742
260,0.0,0.3,0.0,0.0,0.0,0.4,0.0,0.0,0.0,0.0,0.0,0.0,0.0,0.3,0.0,0.0,0.0,1.865
261,0.0,0.25,0.0,0.0,0.0,0.3,0.0,0.0,0.0,0.0,0.0,0.0,0.0,0.05,0.4,0.0,0.0,1.738
262,0.0,0.2,0.0,0.0,0.0,0.3,0.0,0.0,0.0,0.0,0.0,0.0,0.0,0.1,0.4,0.0,0.0,1.776
263,0.0,0.1,0.0,0.0,0.0,0.3,0.0,0.0,0.0,0.0,0.0,0.0,0.0,0.2,0.4,0.0,0.0,1.856
264,0.0,0.7125,0.0,0.0,0.0,0.0475,0.0,0.0,0.0,0.0,0.0,0.05,0.19,0.0,0.0,0.0,0.0,1.694
265,0.0,0.6,0.0,0.0,0.0,0.04,0.0,0.0,0.0,0.0,0.0,0.2,0.16,0.0,0.0,0.0,0.0,1.745
266,0.0,0.6375000000000001,0.0,0.0,0.0,0.0425,0.0,0.0,0.0,0.0,0.0,0.15,0.17,0.0,0.0,0.0,0.0,1.736
267,0.0,0.675,0.0,0.0,0.0,0.045,0.0,0.0,0.0,0.0,0.0,0.1,0.18,0.0,0.0,0.0,0.0,1.716
268,0.0,0.3,0.0,0.0,0.0,0.22,0.0,0.0,0.0,0.0,0.0,0.38,0.1,0.0,0.0,0.0,0.0,1.891
269,0.0,0.75,0.0,0.0,0.0,0.05,0.0,0.0,0.0,0.0,0.0,0.0,0.2,0.0,0.0,0.0,0.0,1.686
270,0.0,0.55,0.0,0.0,0.0,0.35000000000000003,0.0,0.0,0.0,0.0,0.0,0.0,0.1,0.0,0.0,0.0,0.0,1.684
271,0.0,0.8,0.0,0.0,0.0,0.1,0.0,0.0,0.0,0.0,0.0,0.0,0.1,0.0,0.0,0.0,0.0,1.667
272,0.0,0.75,0.0,0.0,0.0,0.2,0.0,0.0,0.0,0.0,0.0,0.0,0.05,0.0,0.0,0.0,0.0,1.61
273,0.9464,0.0,0.0,0.0,0.0,0.0,0.0,0.0,0.0,0.0,0.0,0.0,0.0,0.0536,0.0,0.0,0.0,1.498
274,0.5763,0.0,0.0,0.0,0.0,0.0,0.0,0.0,0.0201,0.0,0.0,0.4036,0.0,0.0,0.0,0.0,0.0,1.828
275,0.7522,0.0919,0.0,0.0,0.0,0.0105,0.0,0.0877,0.057699999999999994,0.0,0.0,0.0,0.0,0.0,0.0,0.0,0.0,1.522
276,0.5988,0.0,0.025,0.0,0.0998,0.0,0.2745,0.0,0.0,0.0,0.0,0.0,0.0,0.0,0.0,0.0,0.0,1.573
277,0.6,0.0,0.1,0.3,0.0,0.0,0.0,0.0,0.0,0.0,0.0,0.0,0.0,0.0,0.0,0.0,0.0,1.557
278,0.6,0.0,0.1,0.25,0.0,0.0,0.0,0.0,0.0,0.0,0.0,0.0,0.05,0.0,0.0,0.0,0.0,1.609
279,0.6,0.0,0.1,0.2,0.0,0.0,0.0,0.0,0.0,0.0,0.0,0.0,0.1,0.0,0.0,0.0,0.0,1.655
280,0.6,0.0,0.1,0.15,0.0,0.0,0.0,0.0,0.0,0.0,0.0,0.0,0.15,0.0,0.0,0.0,0.0,1.699
281,0.6,0.0,0.1,0.0,0.2,0.0,0.0,0.0,0.0,0.0,0.0,0.0,0.1,0.0,0.0,0.0,0.0,1.667
282,0.6,0.0,0.1,0.0,0.0,0.0,0.0,0.0,0.0,0.0,0.2,0.0,0.1,0.0,0.0,0.0,0.0,1.665
283,0.65,0.0,0.1,0.0,0.0,0.1,0.0,0.0,0.0,0.0,0.0,0.0,0.15,0.0,0.0,0.0,0.0,1.687
284,0.1304,0.0,0.21739999999999998,0.0,0.0,0.21739999999999998,0.0,0.0,0.0,0.10869999999999999,0.0,0.0,0.3261,0.0,0.0,0.0,0.0,1.705
285,0.55,0.0,0.1,0.0,0.0,0.15,0.0,0.0,0.0,0.05,0.0,0.0,0.15,0.0,0.0,0.0,0.0,1.72
286,0.6,0.0,0.1,0.1,0.0,0.1,0.0,0.0,0.0,0.0,0.0,0.0,0.1,0.0,0.0,0.0,0.0,1.664
287,0.6,0.0,0.1,0.1,0.0,0.0,0.0,0.0,0.0,0.05,0.0,0.0,0.15,0.0,0.0,0.0,0.0,1.704
288,0.6675,0.0,0.0,0.0,0.0,0.0,0.0,0.0,0.0,0.0,0.3325,0.0,0.0,0.0,0.0,0.0,0.0,1.591
289,0.633,0.0,0.0,0.0,0.0,0.0,0.0,0.0,0.0,0.0,0.36700000000000005,0.0,0.0,0.0,0.0,0.0,0.0,1.598
290,0.535,0.0,0.0,0.0,0.0,0.0,0.0,0.0,0.0,0.0,0.465,0.0,0.0,0.0,0.0,0.0,0.0,1.632
291,0.501,0.0,0.0,0.0,0.0,0.0,0.0,0.0,0.0,0.0,0.499,0.0,0.0,0.0,0.0,0.0,0.0,1.64
292,0.459,0.0,0.0,0.0,0.0,0.0,0.0,0.0,0.0,0.0,0.541,0.0,0.0,0.0,0.0,0.0,0.0,1.652
293,0.757,0.0,0.0,0.0,0.0,0.24300000000000002,0.0,0.0,0.0,0.0,0.0,0.0,0.0,0.0,0.0,0.0,0.0,1.576
294,0.7190000000000001,0.0,0.0,0.0,0.0,0.281,0.0,0.0,0.0,0.0,0.0,0.0,0.0,0.0,0.0,0.0,0.0,1.593
295,0.667,0.0,0.0,0.0,0.0,0.33299999999999996,0.0,0.0,0.0,0.0,0.0,0.0,0.0,0.0,0.0,0.0,0.0,1.617
296,0.579,0.0,0.0,0.0,0.0,0.42100000000000004,0.0,0.0,0.0,0.0,0.0,0.0,0.0,0.0,0.0,0.0,0.0,1.653
297,0.0,0.625,0.0,0.0,0.225,0.075,0.0,0.0,0.075,0.0,0.0,0.0,0.0,0.0,0.0,0.0,0.0,1.587
298,0.0,0.75,0.0,0.0,0.15,0.05,0.0,0.0,0.05,0.0,0.0,0.0,0.0,0.0,0.0,0.0,0.0,1.554
299,0.0,0.85,0.0,0.0,0.09,0.03,0.0,0.0,0.03,0.0,0.0,0.0,0.0,0.0,0.0,0.0,0.0,1.524
300,0.0,0.5,0.0,0.0,0.0,0.0,0.0,0.0,0.0,0.4,0.0,0.0,0.1,0.0,0.0,0.0,0.0,1.729
301,0.0,0.55,0.0,0.0,0.0,0.0,0.0,0.0,0.0,0.4,0.0,0.0,0.05,0.0,0.0,0.0,0.0,1.684
302,0.0,0.45,0.0,0.0,0.0,0.0,0.0,0.0,0.0,0.5,0.0,0.0,0.05,0.0,0.0,0.0,0.0,1.704
303,0.0,0.65,0.0,0.0,0.0,0.3,0.0,0.0,0.0,0.0,0.0,0.0,0.05,0.0,0.0,0.0,0.0,1.667
304,0.0,0.7000000000000001,0.0,0.0,0.0,0.25,0.0,0.0,0.0,0.0,0.0,0.0,0.05,0.0,0.0,0.0,0.0,1.654
305,0.0,0.7000000000000001,0.0,0.0,0.0,0.3,0.0,0.0,0.0,0.0,0.0,0.0,0.0,0.0,0.0,0.0,0.0,1.618
306,0.0,0.8,0.0,0.0,0.0,0.2,0.0,0.0,0.0,0.0,0.0,0.0,0.0,0.0,0.0,0.0,0.0,1.569
307,0.92,0.0,0.0,0.0,0.0,0.0,0.0,0.0,0.08,0.0,0.0,0.0,0.0,0.0,0.0,0.0,0.0,1.4845
308,0.5529000000000001,0.0645,0.0,0.0,0.0,0.2576,0.0,0.0,0.0248,0.0849,0.0,0.012,0.0,0.0,0.0,0.0,0.0,1.629
309,0.6263000000000001,0.045,0.0,0.0,0.0,0.1509,0.0,0.0253,0.050800000000000005,0.09630000000000001,0.0,0.0,0.0,0.0,0.0,0.0,0.0,1.581
310,0.7256999999999999,0.0736,0.0,0.0,0.0,0.0334,0.0,0.1034,0.0408,0.0225,0.0,0.0,0.0,0.0,0.0,0.0,0.0,1.528
311,0.7534000000000001,0.033100000000000004,0.0,0.0,0.0,0.0418,0.0,0.12789999999999999,0.035,0.008,0.0,0.0,0.0,0.0,0.0,0.0,0.0,1.533
312,0.7517,0.018600000000000002,0.0,0.0,0.0,0.0716,0.0,0.021,0.0679,0.023799999999999998,0.0,0.0438,0.0,0.0,0.0,0.0,0.0,1.56
313,0.7548,0.0,0.0,0.0,0.0294,0.0,0.0,0.013500000000000002,0.06820000000000001,0.0,0.0,0.13269999999999998,0.0,0.0,0.0,0.0,0.0,1.59
314,0.6718000000000001,0.0,0.0,0.0,0.048600000000000004,0.0,0.0,0.0513,0.04820000000000001,0.0,0.0,0.17920000000000003,0.0,0.0,0.0,0.0,0.0,1.637
315,0.6271,0.0,0.0,0.0,0.0688,0.0,0.0,0.0467,0.040999999999999995,0.0,0.0,0.2121,0.0,0.0,0.0,0.0,0.0,1.669
316,0.7433,0.0,0.0022,0.0045000000000000005,0.1241,0.0,0.0,0.1252,0.0,0.0,0.0,0.0,0.0,0.0,0.0,0.0,0.0,1.525
317,0.7438,0.0,0.0026000000000000003,0.0044,0.11080000000000001,0.0,0.0,0.1375,0.0,0.0,0.0,0.0,0.0,0.0,0.0,0.0,0.0,1.523
318,0.7484999999999999,0.0,0.0025,0.0040999999999999995,0.1002,0.0,0.0,0.14400000000000002,0.0,0.0,0.0,0.0,0.0,0.0,0.0,0.0,0.0,1.522
319,0.7511,0.0,0.0018,0.0038,0.0876,0.0,0.0,0.15539999999999998,0.0,0.0,0.0,0.0,0.0,0.0,0.0,0.0,0.0,1.519
320,0.746,0.0,0.0017000000000000001,0.0034999999999999996,0.08,0.0,0.0,0.1672,0.0,0.0,0.0,0.0,0.0,0.0,0.0,0.0,0.0,1.517
321,0.735,0.0,0.0034000000000000002,0.0031,0.0674,0.0,0.0,0.1887,0.0,0.0,0.0,0.0,0.0,0.0,0.0,0.0,0.0,1.515
322,0.7426,0.0,0.0022,0.0022,0.048600000000000004,0.0,0.0,0.20370000000000002,0.0,0.0,0.0,0.0,0.0,0.0,0.0,0.0,0.0,1.512
323,0.7465999999999999,0.0,0.0016,0.0,0.0412,0.0,0.0,0.2101,0.0,0.0,0.0,0.0,0.0,0.0,0.0,0.0,0.0,1.51
324,0.7456,0.0,0.0012,0.0,0.0281,0.0,0.0,0.2245,0.0,0.0,0.0,0.0,0.0,0.0,0.0,0.0,0.0,1.508
325,0.7484000000000001,0.0,0.0011,0.0,0.0163,0.0,0.0,0.2336,0.0,0.0,0.0,0.0,0.0,0.0,0.0,0.0,0.0,1.507
326,0.7477,0.0,0.0014000000000000002,0.0,0.0022,0.0,0.0,0.2481,0.0,0.0,0.0,0.0,0.0,0.0,0.0,0.0,0.0,1.507
327,0.7536,0.0,0.055099999999999996,0.0,0.0009,0.0,0.0,0.19010000000000002,0.0,0.0,0.0,0.0,0.0,0.0,0.0,0.0,0.0,1.501
328,0.7486,0.0,0.04190000000000001,0.0,0.0013000000000000002,0.0,0.0,0.2077,0.0,0.0,0.0,0.0,0.0,0.0,0.0,0.0,0.0,1.501
329,0.753,0.0,0.0257,0.0,0.0002,0.0,0.0,0.2211,0.0,0.0,0.0,0.0,0.0,0.0,0.0,0.0,0.0,1.502
330,0.7582,0.0,0.0163,0.0,0.0008,0.0,0.0,0.2243,0.0,0.0,0.0,0.0,0.0,0.0,0.0,0.0,0.0,1.503
331,0.4545,0.31579999999999997,0.0105,0.0,0.0993,0.0,0.0,0.0684,0.0509,0.0,0.0,0.0,0.0,0.0,0.0,0.0,0.0,1.539
332,0.5296000000000001,0.2373,0.005,0.0,0.10400000000000001,0.0,0.0,0.0725,0.0512,0.0,0.0,0.0,0.0,0.0,0.0,0.0,0.0,1.541
333,0.6548,0.1235,0.0038,0.0,0.1,0.0,0.0,0.0636,0.053899999999999997,0.0,0.0,0.0,0.0,0.0,0.0,0.0,0.0,1.538
334,0.6751,0.09720000000000001,0.005600000000000001,0.0,0.09630000000000001,0.0,0.0,0.076,0.049400000000000006,0.0,0.0,0.0,0.0,0.0,0.0,0.0,0.0,1.534
335,0.6923,0.0861,0.0039000000000000003,0.0,0.09720000000000001,0.0,0.0,0.071,0.049100000000000005,0.0,0.0,0.0,0.0,0.0,0.0,0.0,0.0,1.532
336,0.716,0.0492,0.005600000000000001,0.0,0.0971,0.0,0.0,0.0766,0.055,0.0,0.0,0.0,0.0,0.0,0.0,0.0,0.0,1.531
337,0.7184,0.0488,0.0055000000000000005,0.0,0.09630000000000001,0.0,0.0,0.076,0.0545,0.0,0.0,0.0,0.0,0.0,0.0,0.0,0.0,1.529
338,0.7551000000000001,0.0,0.0064,0.0,0.009000000000000001,0.0,0.0,0.1519,0.0,0.0,0.0,0.0,0.0,0.07690000000000001,0.0,0.0,0.0,1.553
339,0.7593000000000001,0.0,0.0069,0.0,0.0064,0.0,0.0,0.1642,0.0,0.0,0.0,0.0,0.0,0.0626,0.0,0.0,0.0,1.544
340,0.7696,0.0,0.0031,0.0,0.0013000000000000002,0.0,0.0,0.1724,0.0,0.0,0.0,0.0,0.0,0.053099999999999994,0.0,0.0,0.0,1.538
341,0.779,0.0,0.005200000000000001,0.0,0.0017000000000000001,0.0,0.0,0.17870000000000003,0.0,0.0,0.0,0.0,0.0,0.0347,0.0,0.0,0.0,1.527
342,0.7667,0.0,0.0053,0.0,0.0,0.0,0.0,0.2046,0.0,0.0,0.0,0.0,0.0,0.023,0.0,0.0,0.0,1.52
343,0.7576999999999999,0.0,0.005699999999999999,0.0,0.0004,0.0,0.0,0.2202,0.0,0.0,0.0,0.0,0.0,0.015600000000000001,0.0,0.0,0.0,1.517
344,0.4448,0.4283,0.005,0.0,0.0015,0.0,0.0,0.1199,0.0,0.0,0.0,0.0,0.0,0.0,0.0,0.0,0.0,1.496
345,0.495,0.39060000000000006,0.005,0.0,0.0009,0.0,0.0,0.1081,0.0,0.0,0.0,0.0,0.0,0.0,0.0,0.0,0.0,1.493
346,0.5543,0.332,0.0055000000000000005,0.0,0.0011,0.0,0.0,0.1066,0.0,0.0,0.0,0.0,0.0,0.0,0.0,0.0,0.0,1.494
347,0.6104,0.2845,0.0061,0.0,0.001,0.0,0.0,0.0977,0.0,0.0,0.0,0.0,0.0,0.0,0.0,0.0,0.0,1.496
348,0.6469,0.2327,0.0051,0.0,0.0015,0.0,0.0,0.1133,0.0,0.0,0.0,0.0,0.0,0.0,0.0,0.0,0.0,1.498
349,0.6961,0.195,0.0054,0.0,0.0014000000000000002,0.0,0.0,0.1017,0.0,0.0,0.0,0.0,0.0,0.0,0.0,0.0,0.0,1.501
350,0.7706000000000001,0.11050000000000001,0.0053,0.0,0.001,0.0,0.0,0.11230000000000001,0.0,0.0,0.0,0.0,0.0,0.0,0.0,0.0,0.0,1.503
351,0.7293999999999999,0.16649999999999998,0.005,0.0,0.001,0.0,0.0,0.09789999999999999,0.0,0.0,0.0,0.0,0.0,0.0,0.0,0.0,0.0,1.513
352,0.3462,0.4053,0.0053,0.0,0.0025,0.0,0.0,0.2404,0.0,0.0,0.0,0.0,0.0,0.0,0.0,0.0,0.0,1.534
353,0.37700000000000006,0.36950000000000005,0.0053,0.0,0.0018,0.0,0.0,0.2461,0.0,0.0,0.0,0.0,0.0,0.0,0.0,0.0,0.0,1.535
354,0.5274,0.26230000000000003,0.0004,0.0,0.0015,0.0,0.0,0.20809999999999998,0.0,0.0,0.0,0.0,0.0,0.0,0.0,0.0,0.0,1.537
355,0.6352000000000001,0.1685,0.0045000000000000005,0.0,0.0012,0.0,0.0,0.1902,0.0,0.0,0.0,0.0,0.0,0.0,0.0,0.0,0.0,1.534
356,0.6664,0.12840000000000001,0.0043,0.0,0.0015,0.0,0.0,0.1991,0.0,0.0,0.0,0.0,0.0,0.0,0.0,0.0,0.0,1.531
357,0.7091,0.10099999999999999,0.0062,0.0,0.0013000000000000002,0.0,0.0,0.1821,0.0,0.0,0.0,0.0,0.0,0.0,0.0,0.0,0.0,1.529
358,0.7506,0.0403,0.0062,0.0,0.0015,0.0,0.0,0.2011,0.0,0.0,0.0,0.0,0.0,0.0,0.0,0.0,0.0,1.524
359,0.7575000000000001,0.0392,0.005600000000000001,0.0,0.0015,0.0,0.0,0.1957,0.0,0.0,0.0,0.0,0.0,0.0,0.0,0.0,0.0,1.514
360,0.7759999999999999,0.0058,0.0026000000000000003,0.0,0.0944,0.0,0.0,0.06820000000000001,0.0526,0.0,0.0,0.0,0.0,0.0,0.0,0.0,0.0,1.517
361,0.7813,0.0,0.0034999999999999996,0.0,0.0945,0.0,0.0,0.06849999999999999,0.0519,0.0,0.0,0.0,0.0,0.0,0.0,0.0,0.0,1.516
362,0.7495999999999999,0.0,0.004,0.0,0.0005,0.0,0.0,0.2361,0.0,0.0096,0.0,0.0,0.0,0.0,0.0,0.0,0.0,1.506
363,0.7511,0.0,0.0046,0.0,0.0006,0.0,0.0,0.2169,0.0,0.0265,0.0,0.0,0.0,0.0,0.0,0.0,0.0,1.508
364,0.7542,0.0,0.0053,0.0,0.0006,0.0,0.0,0.2052,0.0,0.0344,0.0,0.0,0.0,0.0,0.0,0.0,0.0,1.507
365,0.7537,0.0,0.0053,0.0,0.0004,0.0,0.0,0.19399999999999998,0.0,0.0463,0.0,0.0,0.0,0.0,0.0,0.0,0.0,1.511
366,0.7728,0.0,0.0053,0.0,0.0005,0.0,0.0,0.1703,0.0,0.0509,0.0,0.0,0.0,0.0,0.0,0.0,0.0,1.507
367,0.7545999999999999,0.0,0.0036,0.0,0.0006,0.0,0.0,0.15539999999999998,0.0,0.0855,0.0,0.0,0.0,0.0,0.0,0.0,0.0,1.514
368,0.7515000000000001,0.0,0.0108,0.0,0.0006,0.0,0.0,0.1489,0.0,0.08779999999999999,0.0,0.0,0.0,0.0,0.0,0.0,0.0,1.514
369,0.6676000000000001,0.0,0.0,0.0,0.0,0.0,0.0,0.0,0.0,0.0,0.33240000000000003,0.0,0.0,0.0,0.0,0.0,0.0,1.591
370,0.6329,0.0,0.0,0.0,0.0,0.0,0.0,0.0,0.0,0.0,0.36700000000000005,0.0,0.0,0.0,0.0,0.0,0.0,1.598
371,0.5347999999999999,0.0,0.0,0.0,0.0,0.0,0.0,0.0,0.0,0.0,0.46520000000000006,0.0,0.0,0.0,0.0,0.0,0.0,1.632
372,0.4593,0.0,0.0,0.0,0.0,0.0,0.0,0.0,0.0,0.0,0.5407000000000001,0.0,0.0,0.0,0.0,0.0,0.0,1.652
373,0.7572,0.0,0.0,0.0,0.0,0.24280000000000002,0.0,0.0,0.0,0.0,0.0,0.0,0.0,0.0,0.0,0.0,0.0,1.576
374,0.7184999999999999,0.0,0.0,0.0,0.0,0.2815,0.0,0.0,0.0,0.0,0.0,0.0,0.0,0.0,0.0,0.0,0.0,1.593
375,0.6672,0.0,0.0,0.0,0.0,0.33280000000000004,0.0,0.0,0.0,0.0,0.0,0.0,0.0,0.0,0.0,0.0,0.0,1.617
376,0.5787,0.0,0.0,0.0,0.0,0.42119999999999996,0.0,0.0,0.0,0.0,0.0,0.0,0.0,0.0,0.0,0.0,0.0,1.653
377,0.5,0.0,0.0,0.0,0.454,0.0,0.0,0.0,0.0,0.0,0.046,0.0,0.0,0.0,0.0,0.0,0.0,1.634
378,0.5,0.0,0.0,0.0,0.3506,0.0,0.0,0.0,0.0,0.0,0.1493,0.0,0.0,0.0,0.0,0.0,0.0,1.634
379,0.5001,0.0,0.0,0.0,0.22899999999999998,0.0,0.0,0.0,0.0,0.0,0.27090000000000003,0.0,0.0,0.0,0.0,0.0,0.0,1.637
380,0.4999,0.0,0.0,0.0,0.3669,0.1331,0.0,0.0,0.0,0.0,0.0,0.0,0.0,0.0,0.0,0.0,0.0,1.649
381,0.5,0.0,0.0,0.0,0.32380000000000003,0.17620000000000002,0.0,0.0,0.0,0.0,0.0,0.0,0.0,0.0,0.0,0.0,0.0,1.653
382,0.5,0.0,0.0,0.0,0.27530000000000004,0.22469999999999998,0.0,0.0,0.0,0.0,0.0,0.0,0.0,0.0,0.0,0.0,0.0,1.658
383,0.4999,0.0,0.0,0.0,0.18989999999999999,0.31010000000000004,0.0,0.0,0.0,0.0,0.0,0.0,0.0,0.0,0.0,0.0,0.0,1.666
384,0.4999,0.0,0.0,0.0,0.0,0.5,0.0,0.0,0.0,0.0,0.0,0.0,0.0,0.0,0.0,0.0,0.0,1.681
385,0.0,0.1107,0.0,0.0,0.0,0.0134,0.0,0.08720000000000001,0.0591,0.0,0.0,0.0,0.0,0.0,0.7288,0.0,0.0,1.653
386,0.0,0.0364,0.0,0.0,0.0,0.15660000000000002,0.0,0.0,0.0706,0.0949,0.0,0.0,0.0,0.0,0.6395000000000001,0.0,0.0,1.703
387,0.0,0.0,0.0,0.0,0.0,0.0022,0.0,0.0,0.0655,0.0,0.0,0.19460000000000002,0.0,0.0,0.7356,0.0,0.0,1.8
388,0.0,0.0022,0.0,0.0,0.11,0.0,0.0,0.1527,0.0,0.0,0.0,0.0,0.0,0.0,0.7293000000000001,0.0,0.0,1.695
389,0.75,0.0,0.0,0.0,0.0,0.0,0.0,0.25,0.0,0.0,0.0,0.0,0.0,0.0,0.0,0.0,0.0,1.604
390,0.75,0.0,0.0,0.0579,0.0,0.0,0.0,0.19210000000000002,0.0,0.0,0.0,0.0,0.0,0.0,0.0,0.0,0.0,1.51
391,0.75,0.0,0.0,0.1128,0.0,0.0,0.0,0.13720000000000002,0.0,0.0,0.0,0.0,0.0,0.0,0.0,0.0,0.0,1.515
392,0.75,0.0,0.0,0.0,0.0596,0.0,0.0,0.19039999999999999,0.0,0.0,0.0,0.0,0.0,0.0,0.0,0.0,0.0,1.521
393,0.75,0.0,0.0,0.0,0.1191,0.0,0.0,0.1309,0.0,0.0,0.0,0.0,0.0,0.0,0.0,0.0,0.0,1.534
394,0.75,0.0,0.0609,0.0,0.0,0.0,0.0,0.18910000000000002,0.0,0.0,0.0,0.0,0.0,0.0,0.0,0.0,0.0,1.507
395,0.75,0.0,0.11470000000000001,0.0,0.0,0.0,0.0,0.1353,0.0,0.0,0.0,0.0,0.0,0.0,0.0,0.0,0.0,1.507
396,0.5941,0.18480000000000002,0.024900000000000002,0.0,0.0,0.0,0.0,0.19510000000000002,0.0,0.0,0.0,0.0,0.0,0.0,0.0,0.0,0.0,1.495
397,0.7299,0.09609999999999999,0.0,0.0,0.0,0.0116,0.0,0.1617,0.0,0.0,0.0,0.0,0.0,0.0,0.0,0.0,0.0,1.522
398,0.7475,0.0,0.0037,0.0,0.0517,0.0,0.0,0.1959,0.0,0.0,0.0,0.0,0.0,0.0,0.0,0.0,0.0,1.506
399,0.6077,0.13460000000000003,0.0070999999999999995,0.0,0.0072,0.029500000000000002,0.0,0.2023,0.0,0.0,0.0,0.010900000000000002,0.0,0.0,0.0,0.0,0.0,1.546
400,0.5992000000000001,0.0698,0.0125,0.0,0.0,0.1359,0.0,0.0681,0.0,0.1127,0.0,0.0,0.0,0.0,0.0,0.0,0.0,1.583
401,0.5372,0.18309999999999998,0.0442,0.0,0.0,0.2349,0.0,0.0,0.0,0.0,0.0,0.0,0.0,0.0,0.0,0.0,0.0,1.594
402,0.5421,0.07769999999999999,0.0318,0.0,0.0,0.2411,0.0,0.0,0.0,0.0999,0.0,0.0049,0.0,0.0,0.0,0.0,0.0,1.622
403,0.7392000000000001,0.013999999999999999,0.0,0.0,0.045899999999999996,0.0,0.0,0.1721,0.0,0.0,0.0,0.0276,0.0,0.0,0.0,0.0,0.0,1.532
404,0.6011,0.10460000000000001,0.0,0.0,0.036000000000000004,0.0644,0.0,0.16620000000000001,0.0,0.0,0.0,0.0268,0.0,0.0,0.0,0.0,0.0,1.573
405,0.5372,0.0758,0.0309,0.0,0.0,0.24600000000000002,0.0,0.0,0.0,0.1023,0.0,0.0053,0.0,0.0,0.0,0.0,0.0,1.625
406,0.7554000000000001,0.0011,0.0,0.0,0.0045000000000000005,0.0,0.0,0.1503,0.0,0.0,0.0,0.0868,0.0,0.0,0.0,0.0,0.0,1.558
407,0.4979,0.059800000000000006,0.0,0.0,0.0,0.2372,0.0,0.0406,0.0,0.0977,0.0,0.0654,0.0,0.0,0.0,0.0,0.0,1.668
408,0.7384999999999999,0.0,0.0,0.0,0.0045000000000000005,0.0,0.0,0.146,0.0,0.0,0.0,0.1099,0.0,0.0,0.0,0.0,0.0,1.578
409,0.6894,0.0,0.0,0.0,0.008199999999999999,0.0,0.0,0.1216,0.0,0.0,0.0,0.1797,0.0,0.0,0.0,0.0,0.0,1.629
410,0.6954000000000001,0.010900000000000002,0.0,0.0,0.008199999999999999,0.0,0.0,0.0936,0.0,0.0,0.0,0.19090000000000001,0.0,0.0,0.0,0.0,0.0,1.639
411,0.6563,0.0063,0.0,0.0,0.0,0.0,0.0,0.1183,0.0,0.0,0.0,0.21710000000000002,0.0,0.0,0.0,0.0,0.0,1.664
412,0.6296,0.0,0.0,0.0,0.0378,0.0,0.0,0.0852,0.0,0.0,0.0,0.24600000000000002,0.0,0.0,0.0,0.0,0.0,1.697
413,0.6472,0.0,0.0,0.0,0.0,0.0,0.0,0.0,0.0601,0.0,0.0,0.2908,0.0,0.0,0.0,0.0,0.0,1.716
414,0.7236,0.12480000000000001,0.0,0.0,0.0,0.01,0.0,0.0475,0.0723,0.02,0.0,0.0,0.0,0.0,0.0,0.0,0.0,1.52262
415,0.7284999999999999,0.01,0.0,0.0,0.0998,0.0,0.0,0.05940000000000001,0.09029999999999999,0.01,0.0,0.0,0.0,0.0,0.0,0.0,0.0,1.52929
416,0.7086,0.0499,0.0,0.0,0.0,0.0848,0.015,0.04360000000000001,0.06620000000000001,0.029900000000000003,0.0,0.0,0.0,0.0,0.0,0.0,0.0,1.54746
417,0.5733,0.059800000000000006,0.0449,0.0,0.0,0.2493,0.0,0.0,0.0,0.059800000000000006,0.0,0.005,0.0,0.002,0.0,0.003,0.0,1.62493
418,0.505,0.125,0.015,0.0,0.0,0.24,0.0,0.0,0.0,0.035,0.0,0.0,0.02,0.024,0.0,0.036000000000000004,0.0,1.66527
419,0.81,0.0,0.0,0.0,0.0,0.0,0.0,0.0437,0.0663,0.035,0.0,0.03,0.0,0.0,0.0,0.0,0.0,1.53584
420,0.6979000000000001,0.024900000000000002,0.0,0.0,0.0,0.0698,0.0,0.0396,0.0601,0.06480000000000001,0.0,0.039900000000000005,0.0,0.0,0.0,0.0,0.0,1.56992
421,0.6587999999999999,0.0,0.0,0.0,0.0,0.0898,0.0,0.0349,0.0349,0.0898,0.0,0.0898,0.0,0.0,0.0,0.0,0.0,1.61518
422,0.6943,0.0,0.0,0.0,0.0,0.045,0.0,0.0357,0.0542,0.01,0.0,0.1598,0.0,0.0,0.0,0.0,0.0,1.62843
423,0.777,0.0101,0.0,0.0,0.0,0.0101,0.0,0.034,0.0669,0.0,0.0,0.1009,0.0,0.0,0.0,0.0,0.0,1.56722
424,0.7669,0.0,0.0,0.0,0.0,0.0101,0.0,0.034,0.0669,0.0,0.0,0.1211,0.0,0.0,0.0,0.0,0.0,1.58208
425,0.7343000000000001,0.0,0.0,0.0,0.0,0.0,0.0,0.0258,0.0392,0.005,0.0,0.1948,0.0,0.0,0.0,0.0,0.0,1.62904
426,0.6307,0.0,0.0,0.0,0.0,0.0,0.0,0.008100000000000001,0.0121,0.0,0.0,0.3481,0.0,0.0002,0.0,0.0003,0.0,1.77009
427,0.9983,0.0,0.0,0.0,0.0,0.0,0.0,0.0,0.0,0.0,0.0,0.0,0.0,0.0,0.0,0.0,0.0,1.465
428,0.6853,0.0,0.0,0.0,0.0,0.0,0.0,0.155,0.0182,0.0,0.0,0.0,0.0,0.0301,0.0,0.11140000000000001,0.0,1.596
429,0.0,0.6,0.0,0.0,0.0,0.0,0.3,0.0,0.0,0.0,0.1,0.0,0.0,0.0,0.0,0.0,0.0,1.591
430,0.0,0.6,0.0,0.0,0.0,0.0,0.2,0.0,0.0,0.0,0.2,0.0,0.0,0.0,0.0,0.0,0.0,1.607
431,0.0,0.5,0.0,0.0,0.0,0.0,0.3,0.0,0.0,0.0,0.2,0.0,0.0,0.0,0.0,0.0,0.0,1.619
432,0.0,0.6,0.0,0.0,0.0,0.0,0.1,0.0,0.0,0.0,0.3,0.0,0.0,0.0,0.0,0.0,0.0,1.621
433,0.0,0.65,0.0,0.0,0.0,0.2,0.0,0.15,0.0,0.0,0.0,0.0,0.0,0.0,0.0,0.0,0.0,1.584
434,0.0,0.65,0.0,0.0,0.0,0.3,0.0,0.05,0.0,0.0,0.0,0.0,0.0,0.0,0.0,0.0,0.0,1.621
435,0.0,0.65,0.0,0.0,0.0,0.15,0.0,0.0,0.2,0.0,0.0,0.0,0.0,0.0,0.0,0.0,0.0,1.547
436,0.0,0.7000000000000001,0.1,0.0,0.0,0.0,0.2,0.0,0.0,0.0,0.0,0.0,0.0,0.0,0.0,0.0,0.0,1.528
437,0.0,0.65,0.05,0.0,0.0,0.0,0.3,0.0,0.0,0.0,0.0,0.0,0.0,0.0,0.0,0.0,0.0,1.555
438,0.0,0.6,0.1,0.0,0.0,0.0,0.3,0.0,0.0,0.0,0.0,0.0,0.0,0.0,0.0,0.0,0.0,1.555
439,0.0,0.55,0.15,0.0,0.0,0.0,0.3,0.0,0.0,0.0,0.0,0.0,0.0,0.0,0.0,0.0,0.0,1.553
440,0.0,0.5,0.1,0.0,0.0,0.0,0.4,0.0,0.0,0.0,0.0,0.0,0.0,0.0,0.0,0.0,0.0,1.573
441,0.0,0.65,0.2,0.0,0.0,0.0,0.0,0.15,0.0,0.0,0.0,0.0,0.0,0.0,0.0,0.0,0.0,1.504
442,0.0,0.55,0.2,0.0,0.0,0.0,0.0,0.25,0.0,0.0,0.0,0.0,0.0,0.0,0.0,0.0,0.0,1.51
443,0.0,0.6,0.1,0.0,0.0,0.0,0.0,0.3,0.0,0.0,0.0,0.0,0.0,0.0,0.0,0.0,0.0,1.515
444,0.0,0.5,0.2,0.0,0.0,0.0,0.0,0.3,0.0,0.0,0.0,0.0,0.0,0.0,0.0,0.0,0.0,1.514
445,0.0,0.45,0.25,0.0,0.0,0.0,0.0,0.3,0.0,0.0,0.0,0.0,0.0,0.0,0.0,0.0,0.0,1.513
446,0.0,0.45,0.2,0.0,0.0,0.0,0.0,0.35000000000000003,0.0,0.0,0.0,0.0,0.0,0.0,0.0,0.0,0.0,1.521
447,0.0,0.35000000000000003,0.2,0.0,0.0,0.0,0.0,0.45,0.0,0.0,0.0,0.0,0.0,0.0,0.0,0.0,0.0,1.529
448,0.0,0.6,0.0,0.0,0.0,0.0,0.0,0.35000000000000003,0.0,0.0,0.0,0.0,0.0,0.05,0.0,0.0,0.0,1.557
449,0.0,0.55,0.0,0.0,0.0,0.0,0.0,0.35000000000000003,0.0,0.0,0.0,0.0,0.0,0.1,0.0,0.0,0.0,1.59
450,0.0,0.5,0.0,0.0,0.0,0.0,0.0,0.35000000000000003,0.0,0.0,0.0,0.0,0.0,0.15,0.0,0.0,0.0,1.625
451,0.0,0.45,0.0,0.0,0.0,0.0,0.0,0.35000000000000003,0.0,0.0,0.0,0.0,0.0,0.2,0.0,0.0,0.0,1.661
452,0.0,0.65,0.0,0.0,0.0,0.0,0.0,0.3,0.0,0.0,0.0,0.0,0.0,0.0,0.0,0.05,0.0,1.547
453,0.0,0.6,0.0,0.0,0.0,0.0,0.0,0.3,0.0,0.0,0.0,0.0,0.0,0.0,0.0,0.1,0.0,1.562
454,0.0,0.55,0.0,0.0,0.0,0.0,0.0,0.3,0.0,0.0,0.0,0.0,0.0,0.0,0.0,0.15,0.0,1.582
455,0.0,0.65,0.0,0.0,0.0,0.0,0.0,0.0,0.3,0.0,0.0,0.0,0.0,0.05,0.0,0.0,0.0,1.536
456,0.0,0.6,0.0,0.0,0.0,0.0,0.0,0.0,0.3,0.0,0.0,0.0,0.0,0.1,0.0,0.0,0.0,1.57
457,0.0,0.55,0.0,0.0,0.0,0.0,0.0,0.0,0.3,0.0,0.0,0.0,0.0,0.15,0.0,0.0,0.0,1.605
458,0.0,0.5,0.0,0.0,0.0,0.0,0.0,0.0,0.3,0.0,0.0,0.0,0.0,0.2,0.0,0.0,0.0,1.639
459,0.0,0.7000000000000001,0.0,0.0,0.0,0.0,0.0,0.0,0.25,0.0,0.0,0.0,0.0,0.0,0.0,0.05,0.0,1.515
460,0.0,0.65,0.0,0.0,0.0,0.0,0.0,0.0,0.25,0.0,0.0,0.0,0.0,0.0,0.0,0.1,0.0,1.533
461,0.0,0.6,0.0,0.0,0.0,0.0,0.0,0.0,0.25,0.0,0.0,0.0,0.0,0.0,0.0,0.15,0.0,1.551
462,0.0,0.55,0.0,0.25,0.2,0.0,0.0,0.0,0.0,0.0,0.0,0.0,0.0,0.0,0.0,0.0,0.0,1.604
463,0.0,0.6,0.0,0.1,0.3,0.0,0.0,0.0,0.0,0.0,0.0,0.0,0.0,0.0,0.0,0.0,0.0,1.608
464,0.0,0.5,0.0,0.2,0.3,0.0,0.0,0.0,0.0,0.0,0.0,0.0,0.0,0.0,0.0,0.0,0.0,1.619
465,0.0,0.45,0.0,0.25,0.3,0.0,0.0,0.0,0.0,0.0,0.0,0.0,0.0,0.0,0.0,0.0,0.0,1.627
466,0.0,0.6,0.0,0.3,0.0,0.0,0.0,0.0,0.0,0.0,0.1,0.0,0.0,0.0,0.0,0.0,0.0,1.583
467,0.0,0.6,0.0,0.2,0.0,0.0,0.0,0.0,0.0,0.0,0.2,0.0,0.0,0.0,0.0,0.0,0.0,1.6
468,0.0,0.5,0.0,0.3,0.0,0.0,0.0,0.0,0.0,0.0,0.2,0.0,0.0,0.0,0.0,0.0,0.0,1.615
469,0.0,0.6,0.0,0.1,0.0,0.0,0.0,0.0,0.0,0.0,0.3,0.0,0.0,0.0,0.0,0.0,0.0,1.619
470,0.0,0.5,0.0,0.2,0.0,0.0,0.0,0.0,0.0,0.0,0.3,0.0,0.0,0.0,0.0,0.0,0.0,1.629
471,0.0,0.4,0.0,0.3,0.0,0.0,0.0,0.0,0.0,0.0,0.3,0.0,0.0,0.0,0.0,0.0,0.0,1.635
472,0.0,0.6,0.0,0.3,0.0,0.1,0.0,0.0,0.0,0.0,0.0,0.0,0.0,0.0,0.0,0.0,0.0,1.593
473,0.0,0.6,0.0,0.2,0.0,0.2,0.0,0.0,0.0,0.0,0.0,0.0,0.0,0.0,0.0,0.0,0.0,1.613
474,0.0,0.5,0.0,0.3,0.0,0.2,0.0,0.0,0.0,0.0,0.0,0.0,0.0,0.0,0.0,0.0,0.0,1.621
475,0.0,0.65,0.0,0.05,0.0,0.3,0.0,0.0,0.0,0.0,0.0,0.0,0.0,0.0,0.0,0.0,0.0,1.628
476,0.0,0.6,0.0,0.1,0.0,0.3,0.0,0.0,0.0,0.0,0.0,0.0,0.0,0.0,0.0,0.0,0.0,1.631
477,0.0,0.55,0.0,0.15,0.0,0.3,0.0,0.0,0.0,0.0,0.0,0.0,0.0,0.0,0.0,0.0,0.0,1.641
478,0.0,0.5,0.0,0.2,0.0,0.3,0.0,0.0,0.0,0.0,0.0,0.0,0.0,0.0,0.0,0.0,0.0,1.643
479,0.0,0.4,0.0,0.3,0.0,0.3,0.0,0.0,0.0,0.0,0.0,0.0,0.0,0.0,0.0,0.0,0.0,1.656
480,0.0,0.3,0.0,0.4,0.0,0.3,0.0,0.0,0.0,0.0,0.0,0.0,0.0,0.0,0.0,0.0,0.0,1.662
481,0.0,0.6818000000000001,0.0,0.0,0.2273,0.0909,0.0,0.0,0.0,0.0,0.0,0.0,0.0,0.0,0.0,0.0,0.0,1.616
482,0.0,0.75,0.0,0.0,0.05,0.2,0.0,0.0,0.0,0.0,0.0,0.0,0.0,0.0,0.0,0.0,0.0,1.59
483,0.0,0.65,0.0,0.0,0.15,0.2,0.0,0.0,0.0,0.0,0.0,0.0,0.0,0.0,0.0,0.0,0.0,1.626
484,0.0,0.55,0.0,0.0,0.25,0.2,0.0,0.0,0.0,0.0,0.0,0.0,0.0,0.0,0.0,0.0,0.0,1.648
485,0.0,0.5,0.0,0.0,0.3,0.2,0.0,0.0,0.0,0.0,0.0,0.0,0.0,0.0,0.0,0.0,0.0,1.652
486,0.0,0.65,0.0,0.0,0.1,0.25,0.0,0.0,0.0,0.0,0.0,0.0,0.0,0.0,0.0,0.0,0.0,1.629
487,0.0,0.7000000000000001,0.0,0.0,0.0,0.2,0.0,0.0,0.0,0.0,0.1,0.0,0.0,0.0,0.0,0.0,0.0,1.61
488,0.0,0.65,0.15,0.2,0.0,0.0,0.0,0.0,0.0,0.0,0.0,0.0,0.0,0.0,0.0,0.0,0.0,1.544
489,0.0,0.6,0.1,0.3,0.0,0.0,0.0,0.0,0.0,0.0,0.0,0.0,0.0,0.0,0.0,0.0,0.0,1.558
490,0.0,0.55,0.15,0.3,0.0,0.0,0.0,0.0,0.0,0.0,0.0,0.0,0.0,0.0,0.0,0.0,0.0,1.564
491,0.0,0.5,0.2,0.3,0.0,0.0,0.0,0.0,0.0,0.0,0.0,0.0,0.0,0.0,0.0,0.0,0.0,1.57
492,0.0,0.55,0.05,0.4,0.0,0.0,0.0,0.0,0.0,0.0,0.0,0.0,0.0,0.0,0.0,0.0,0.0,1.572
493,0.0,0.5,0.1,0.4,0.0,0.0,0.0,0.0,0.0,0.0,0.0,0.0,0.0,0.0,0.0,0.0,0.0,1.577
494,0.0,0.45,0.15,0.4,0.0,0.0,0.0,0.0,0.0,0.0,0.0,0.0,0.0,0.0,0.0,0.0,0.0,1.581
495,0.0,0.7000000000000001,0.0,0.15,0.0,0.0,0.0,0.0,0.0,0.0,0.0,0.0,0.15,0.0,0.0,0.0,0.0,1.691
496,0.0,0.65,0.0,0.2,0.0,0.0,0.0,0.0,0.0,0.0,0.0,0.0,0.15,0.0,0.0,0.0,0.0,1.701
497,0.0,0.6,0.0,0.25,0.0,0.0,0.0,0.0,0.0,0.0,0.0,0.0,0.15,0.0,0.0,0.0,0.0,1.71
498,0.0,0.55,0.0,0.3,0.0,0.0,0.0,0.0,0.0,0.0,0.0,0.0,0.15,0.0,0.0,0.0,0.0,1.714
499,0.0,0.5,0.0,0.35000000000000003,0.0,0.0,0.0,0.0,0.0,0.0,0.0,0.0,0.15,0.0,0.0,0.0,0.0,1.719
500,0.0,0.65,0.15,0.0,0.2,0.0,0.0,0.0,0.0,0.0,0.0,0.0,0.0,0.0,0.0,0.0,0.0,1.557
501,0.0,0.55,0.15,0.0,0.3,0.0,0.0,0.0,0.0,0.0,0.0,0.0,0.0,0.0,0.0,0.0,0.0,1.59
502,0.0,0.45,0.25,0.0,0.3,0.0,0.0,0.0,0.0,0.0,0.0,0.0,0.0,0.0,0.0,0.0,0.0,1.589
503,0.0,0.45,0.15,0.0,0.4,0.0,0.0,0.0,0.0,0.0,0.0,0.0,0.0,0.0,0.0,0.0,0.0,1.615
504,0.0,0.35000000000000003,0.25,0.0,0.4,0.0,0.0,0.0,0.0,0.0,0.0,0.0,0.0,0.0,0.0,0.0,0.0,1.615
505,0.0,0.35000000000000003,0.15,0.0,0.5,0.0,0.0,0.0,0.0,0.0,0.0,0.0,0.0,0.0,0.0,0.0,0.0,1.637
506,0.0,0.25,0.25,0.0,0.5,0.0,0.0,0.0,0.0,0.0,0.0,0.0,0.0,0.0,0.0,0.0,0.0,1.635
507,0.0,0.15,0.25,0.0,0.6,0.0,0.0,0.0,0.0,0.0,0.0,0.0,0.0,0.0,0.0,0.0,0.0,1.659
508,0.0,0.7000000000000001,0.0,0.0,0.2,0.0,0.0,0.0,0.0,0.0,0.0,0.0,0.1,0.0,0.0,0.0,0.0,1.664
509,0.0,0.6,0.0,0.0,0.3,0.0,0.0,0.0,0.0,0.0,0.0,0.0,0.1,0.0,0.0,0.0,0.0,1.691
510,0.0,0.5,0.0,0.0,0.4,0.0,0.0,0.0,0.0,0.0,0.0,0.0,0.1,0.0,0.0,0.0,0.0,1.706
511,0.0,0.5,0.15,0.0,0.0,0.0,0.0,0.0,0.0,0.0,0.35000000000000003,0.0,0.0,0.0,0.0,0.0,0.0,1.606
512,0.0,0.45,0.2,0.0,0.0,0.0,0.0,0.0,0.0,0.0,0.35000000000000003,0.0,0.0,0.0,0.0,0.0,0.0,1.607
513,0.0,0.4,0.25,0.0,0.0,0.0,0.0,0.0,0.0,0.0,0.35000000000000003,0.0,0.0,0.0,0.0,0.0,0.0,1.602
514,0.0,0.5,0.1,0.0,0.0,0.0,0.0,0.0,0.0,0.0,0.4,0.0,0.0,0.0,0.0,0.0,0.0,1.623
515,0.0,0.4,0.15,0.0,0.0,0.0,0.0,0.0,0.0,0.0,0.45,0.0,0.0,0.0,0.0,0.0,0.0,1.632
516,0.0,0.35000000000000003,0.15,0.0,0.0,0.0,0.0,0.0,0.0,0.0,0.5,0.0,0.0,0.0,0.0,0.0,0.0,1.641
517,0.0,0.3,0.15,0.0,0.0,0.0,0.0,0.0,0.0,0.0,0.55,0.0,0.0,0.0,0.0,0.0,0.0,1.646
518,0.0,0.75,0.0,0.0,0.0,0.0,0.0,0.0,0.0,0.0,0.15,0.0,0.1,0.0,0.0,0.0,0.0,1.652
519,0.0,0.65,0.0,0.0,0.0,0.0,0.0,0.0,0.0,0.0,0.25,0.0,0.1,0.0,0.0,0.0,0.0,1.683
520,0.0,0.7000000000000001,0.1,0.0,0.0,0.2,0.0,0.0,0.0,0.0,0.0,0.0,0.0,0.0,0.0,0.0,0.0,1.566
521,0.0,0.65,0.05,0.0,0.0,0.3,0.0,0.0,0.0,0.0,0.0,0.0,0.0,0.0,0.0,0.0,0.0,1.612
522,0.0,0.6,0.1,0.0,0.0,0.3,0.0,0.0,0.0,0.0,0.0,0.0,0.0,0.0,0.0,0.0,0.0,1.609
523,0.0,0.55,0.15,0.0,0.0,0.3,0.0,0.0,0.0,0.0,0.0,0.0,0.0,0.0,0.0,0.0,0.0,1.607
524,0.0,0.5,0.2,0.0,0.0,0.3,0.0,0.0,0.0,0.0,0.0,0.0,0.0,0.0,0.0,0.0,0.0,1.604
525,0.0,0.5,0.1,0.0,0.0,0.4,0.0,0.0,0.0,0.0,0.0,0.0,0.0,0.0,0.0,0.0,0.0,1.647
526,0.0,0.45,0.1,0.0,0.0,0.45,0.0,0.0,0.0,0.0,0.0,0.0,0.0,0.0,0.0,0.0,0.0,1.658
527,0.0,0.4,0.1,0.0,0.0,0.5,0.0,0.0,0.0,0.0,0.0,0.0,0.0,0.0,0.0,0.0,0.0,1.669
528,0.0,0.7000000000000001,0.0,0.0,0.0,0.2,0.0,0.0,0.0,0.0,0.0,0.0,0.1,0.0,0.0,0.0,0.0,1.673
529,0.0,0.6,0.0,0.0,0.0,0.3,0.0,0.0,0.0,0.0,0.0,0.0,0.1,0.0,0.0,0.0,0.0,1.702
530,0.0,0.5,0.0,0.0,0.0,0.4,0.0,0.0,0.0,0.0,0.0,0.0,0.1,0.0,0.0,0.0,0.0,1.712
531,0.0,0.6,0.0,0.0,0.35000000000000003,0.0,0.0,0.0,0.0,0.0,0.0,0.0,0.0,0.05,0.0,0.0,0.0,1.642
532,0.0,0.55,0.0,0.0,0.35000000000000003,0.0,0.0,0.0,0.0,0.0,0.0,0.0,0.0,0.1,0.0,0.0,0.0,1.681
533,0.0,0.5,0.0,0.0,0.35000000000000003,0.0,0.0,0.0,0.0,0.0,0.0,0.0,0.0,0.15,0.0,0.0,0.0,1.707
534,0.0,0.6,0.0,0.0,0.35000000000000003,0.0,0.0,0.0,0.0,0.0,0.0,0.0,0.0,0.0,0.0,0.05,0.0,1.628
535,0.0,0.55,0.0,0.0,0.35000000000000003,0.0,0.0,0.0,0.0,0.0,0.0,0.0,0.0,0.0,0.0,0.1,0.0,1.659
536,0.0,0.5,0.0,0.0,0.35000000000000003,0.0,0.0,0.0,0.0,0.0,0.0,0.0,0.0,0.0,0.0,0.15,0.0,1.682
537,0.0,0.6,0.0,0.0,0.0,0.0,0.0,0.0,0.0,0.0,0.35000000000000003,0.0,0.0,0.05,0.0,0.0,0.0,1.649
538,0.0,0.5,0.0,0.0,0.0,0.0,0.0,0.0,0.0,0.0,0.35000000000000003,0.0,0.0,0.15,0.0,0.0,0.0,1.725
539,0.0,0.45,0.0,0.0,0.0,0.0,0.0,0.0,0.0,0.0,0.35000000000000003,0.0,0.0,0.2,0.0,0.0,0.0,1.758
540,0.0,0.4,0.0,0.0,0.0,0.0,0.0,0.0,0.0,0.0,0.35000000000000003,0.0,0.0,0.25,0.0,0.0,0.0,1.8
541,0.0,0.6,0.0,0.0,0.0,0.0,0.0,0.0,0.0,0.0,0.3,0.0,0.0,0.0,0.0,0.1,0.0,1.646
542,0.0,0.55,0.0,0.0,0.0,0.0,0.0,0.0,0.0,0.0,0.4,0.0,0.0,0.0,0.0,0.05,0.0,1.653
543,0.0,0.5,0.0,0.0,0.0,0.0,0.0,0.0,0.0,0.0,0.4,0.0,0.0,0.0,0.0,0.1,0.0,1.677
544,0.0,0.65,0.0,0.0,0.0,0.3,0.0,0.0,0.0,0.0,0.0,0.0,0.0,0.05,0.0,0.0,0.0,1.649
545,0.0,0.6,0.0,0.0,0.0,0.3,0.0,0.0,0.0,0.0,0.0,0.0,0.0,0.1,0.0,0.0,0.0,1.68
546,0.0,0.55,0.0,0.0,0.0,0.3,0.0,0.0,0.0,0.0,0.0,0.0,0.0,0.15,0.0,0.0,0.0,1.722
547,0.0,0.5,0.0,0.0,0.0,0.3,0.0,0.0,0.0,0.0,0.0,0.0,0.0,0.2,0.0,0.0,0.0,1.754
548,0.0,0.45,0.0,0.0,0.0,0.3,0.0,0.0,0.0,0.0,0.0,0.0,0.0,0.25,0.0,0.0,0.0,1.799
549,0.0,0.4,0.0,0.0,0.0,0.4,0.0,0.0,0.0,0.0,0.0,0.0,0.0,0.2,0.0,0.0,0.0,1.79
550,0.0,0.3,0.0,0.0,0.0,0.4,0.0,0.0,0.0,0.0,0.0,0.0,0.0,0.3,0.0,0.0,0.0,1.861
551,0.0,0.25,0.0,0.0,0.0,0.4,0.0,0.0,0.0,0.0,0.0,0.0,0.0,0.35000000000000003,0.0,0.0,0.0,1.905
552,0.0,0.2,0.0,0.0,0.0,0.4,0.0,0.0,0.0,0.0,0.0,0.0,0.0,0.4,0.0,0.0,0.0,1.934
553,0.0,0.65,0.0,0.0,0.0,0.3,0.0,0.0,0.0,0.0,0.0,0.0,0.0,0.0,0.0,0.05,0.0,1.646
554,0.0,0.6,0.0,0.0,0.0,0.3,0.0,0.0,0.0,0.0,0.0,0.0,0.0,0.0,0.0,0.1,0.0,1.655
555,0.0,0.55,0.0,0.0,0.0,0.3,0.0,0.0,0.0,0.0,0.0,0.0,0.0,0.0,0.0,0.15,0.0,1.677
556,0.0,0.65,0.0,0.0,0.0,0.0,0.0,0.0,0.0,0.0,0.0,0.0,0.25,0.1,0.0,0.0,0.0,1.808
557,0.0,0.55,0.0,0.0,0.0,0.0,0.0,0.0,0.0,0.0,0.0,0.0,0.25,0.2,0.0,0.0,0.0,1.879
558,0.0,0.5,0.0,0.0,0.0,0.0,0.0,0.0,0.0,0.0,0.0,0.0,0.25,0.25,0.0,0.0,0.0,1.916
559,0.0,0.45,0.0,0.0,0.0,0.0,0.0,0.0,0.0,0.0,0.0,0.0,0.25,0.3,0.0,0.0,0.0,1.94
560,0.0,0.4,0.0,0.0,0.0,0.0,0.0,0.0,0.0,0.0,0.0,0.0,0.25,0.35000000000000003,0.0,0.0,0.0,1.986
561,0.0,0.7000000000000001,0.0,0.0,0.0,0.0,0.0,0.0,0.0,0.0,0.0,0.0,0.25,0.0,0.0,0.05,0.0,1.763
562,0.0,0.65,0.0,0.0,0.0,0.0,0.0,0.0,0.0,0.0,0.0,0.0,0.25,0.0,0.0,0.1,0.0,1.779
563,0.0,0.6,0.0,0.0,0.0,0.0,0.0,0.0,0.0,0.0,0.0,0.0,0.25,0.0,0.0,0.15,0.0,1.799
564,0.0,0.3,0.0,0.0,0.0,0.0,0.0,0.0,0.0,0.0,0.0,0.0,0.0,0.0,0.3,0.0,0.4,1.571
565,0.0,0.1,0.0,0.0,0.0,0.0,0.0,0.0,0.0,0.0,0.0,0.0,0.0,0.0,0.6,0.0,0.3,1.613
566,0.0,0.2,0.0,0.0,0.0,0.0,0.0,0.0,0.0,0.0,0.0,0.0,0.0,0.0,0.5,0.0,0.3,1.597
567,0.0,0.3,0.0,0.0,0.0,0.0,0.0,0.0,0.0,0.0,0.0,0.0,0.0,0.0,0.4,0.0,0.3,1.579
568,0.0,0.1,0.0,0.0,0.0,0.0,0.0,0.0,0.0,0.0,0.0,0.0,0.0,0.0,0.7000000000000001,0.0,0.2,1.612
569,0.0,0.2,0.0,0.0,0.0,0.0,0.0,0.0,0.0,0.0,0.0,0.0,0.0,0.0,0.6,0.0,0.2,1.594
570,0.0,0.1,0.0,0.0,0.0,0.0,0.0,0.0,0.0,0.0,0.0,0.0,0.0,0.0,0.8,0.0,0.1,1.607
571,0.0,0.0,0.25,0.0,0.0,0.25,0.0,0.0,0.0,0.0,0.0,0.0,0.0,0.5,0.0,0.0,0.0,2.045
572,0.0,0.0,0.0,0.0,0.0,0.0,0.0,0.15,0.0,0.0,0.0,0.0,0.0,0.0,0.85,0.0,0.0,1.67
573,0.0,0.0,0.0,0.0,0.0,0.0,0.0,0.0,0.0,0.0687,0.0,0.0752,0.0,0.0,0.856,0.0,0.0,1.7
574,0.0,0.0,0.0,0.0,0.0,0.0,0.0,0.0,0.0,0.0729,0.0,0.1329,0.0,0.0,0.7942,0.0,0.0,1.757
575,0.0,0.0,0.0,0.0,0.0,0.0,0.0,0.0,0.0,0.0,0.0,0.1673,0.0,0.0,0.8327,0.0,0.0,1.771
576,0.0,0.0,0.0,0.0,0.0,0.0,0.0,0.0,0.0,0.27030000000000004,0.0,0.0986,0.0,0.0,0.631,0.0,0.0,1.813
577,0.0,0.0,0.0,0.0,0.0,0.0,0.0,0.0,0.0,0.1478,0.0,0.1618,0.0,0.0,0.6904000000000001,0.0,0.0,1.823
578,0.0,0.0,0.0,0.0,0.0,0.0,0.0,0.0,0.0,0.0,0.0,0.23809999999999998,0.0,0.0,0.7619,0.0,0.0,1.853
579,0.0,0.0,0.0,0.0,0.0,0.0,0.0,0.0,0.0,0.2864,0.0,0.15660000000000002,0.0,0.0,0.557,0.0,0.0,1.859
580,0.0,0.0,0.0,0.0,0.0,0.0,0.0,0.0,0.0,0.1574,0.0,0.2298,0.0,0.0,0.6128,0.0,0.0,1.892
581,0.0,0.0,0.0,0.0,0.0,0.0,0.0,0.0,0.0,0.0,0.0,0.3191,0.0,0.0,0.6809000000000001,0.0,0.0,1.922
582,0.0,0.0,0.0,0.0,0.0,0.0,0.0,0.0,0.0,0.1684,0.0,0.3072,0.0,0.0,0.5243,0.0,0.0,1.964
583,0.0,0.0,0.0,0.0,0.0,0.0,0.0,0.0,0.0,0.0,0.0,0.4128,0.0,0.0,0.5872,0.0,0.0,1.998
584,0.0,0.0,0.0,0.0,0.0,0.0,0.0,0.0,0.0,0.0,0.0,0.1,0.0,0.1,0.8,0.0,0.0,1.893
585,0.0,0.0,0.0,0.0,0.0,0.0,0.0,0.0,0.0,0.0,0.0,0.2,0.0,0.1,0.7000000000000001,0.0,0.0,2.0
586,0.9400000000000001,0.0,0.0,0.0,0.0,0.0,0.0,0.0,0.06,0.0,0.0,0.0,0.0,0.0,0.0,0.0,0.0,1.478
587,0.92,0.0,0.0,0.0,0.0,0.0,0.0,0.0,0.08,0.0,0.0,0.0,0.0,0.0,0.0,0.0,0.0,1.484
588,0.9,0.0,0.0,0.0,0.0,0.0,0.0,0.0,0.1,0.0,0.0,0.0,0.0,0.0,0.0,0.0,0.0,1.492
589,0.9938,0.0,0.0062,0.0,0.0,0.0,0.0,0.0,0.0,0.0,0.0,0.0,0.0,0.0,0.0,0.0,0.0,1.465
590,0.9772,0.0,0.022799999999999997,0.0,0.0,0.0,0.0,0.0,0.0,0.0,0.0,0.0,0.0,0.0,0.0,0.0,0.0,1.469
591,0.9636,0.0,0.0364,0.0,0.0,0.0,0.0,0.0,0.0,0.0,0.0,0.0,0.0,0.0,0.0,0.0,0.0,1.47
592,0.943,0.0,0.0,0.0,0.0,0.0,0.0,0.0,0.0,0.0,0.0,0.0,0.0,0.057,0.0,0.0,0.0,1.49
593,0.0,0.8,0.0,0.0,0.0,0.2,0.0,0.0,0.0,0.0,0.0,0.0,0.0,0.0,0.0,0.0,0.0,1.5654
594,0.0,0.775,0.0,0.0,0.0,0.225,0.0,0.0,0.0,0.0,0.0,0.0,0.0,0.0,0.0,0.0,0.0,1.5776
595,0.0,0.75,0.0,0.0,0.0,0.25,0.0,0.0,0.0,0.0,0.0,0.0,0.0,0.0,0.0,0.0,0.0,1.5895
596,0.0,0.725,0.0,0.0,0.0,0.275,0.0,0.0,0.0,0.0,0.0,0.0,0.0,0.0,0.0,0.0,0.0,1.6027
597,0.0,0.7000000000000001,0.0,0.0,0.0,0.3,0.0,0.0,0.0,0.0,0.0,0.0,0.0,0.0,0.0,0.0,0.0,1.6167
598,0.0,0.675,0.0,0.0,0.0,0.325,0.0,0.0,0.0,0.0,0.0,0.0,0.0,0.0,0.0,0.0,0.0,1.6251
599,0.0,0.65,0.0,0.0,0.0,0.35000000000000003,0.0,0.0,0.0,0.0,0.0,0.0,0.0,0.0,0.0,0.0,0.0,1.6341
600,0.0,0.625,0.0,0.0,0.0,0.375,0.0,0.0,0.0,0.0,0.0,0.0,0.0,0.0,0.0,0.0,0.0,1.6426
601,0.0,0.6,0.0,0.0,0.0,0.4,0.0,0.0,0.0,0.0,0.0,0.0,0.0,0.0,0.0,0.0,0.0,1.6484
602,0.0,0.7000000000000001,0.0,0.0,0.0,0.2,0.0,0.0,0.0,0.0,0.0,0.0,0.1,0.0,0.0,0.0,0.0,1.6793
603,0.0,0.6,0.0,0.0,0.0,0.3,0.0,0.0,0.0,0.0,0.0,0.0,0.1,0.0,0.0,0.0,0.0,1.7032
604,0.0,0.5,0.0,0.0,0.0,0.4,0.0,0.0,0.0,0.0,0.0,0.0,0.1,0.0,0.0,0.0,0.0,1.7188
605,0.0,0.6,0.0,0.0,0.0,0.3,0.0,0.0,0.0,0.0,0.0,0.0,0.0,0.1,0.0,0.0,0.0,1.6832
606,0.0,0.5,0.0,0.0,0.0,0.4,0.0,0.0,0.0,0.0,0.0,0.0,0.0,0.1,0.0,0.0,0.0,1.7132
607,0.6,0.0,0.0,0.0,0.0,0.4,0.0,0.0,0.0,0.0,0.0,0.0,0.0,0.0,0.0,0.0,0.0,1.6474
608,0.6,0.0,0.0,0.0,0.0,0.2,0.0,0.2,0.0,0.0,0.0,0.0,0.0,0.0,0.0,0.0,0.0,1.5845
609,0.6,0.0,0.0,0.0,0.2,0.0,0.0,0.2,0.0,0.0,0.0,0.0,0.0,0.0,0.0,0.0,0.0,1.5575
610,0.0,0.0,0.0,0.0,0.0,0.0,0.0,0.05,0.0,0.0,0.0,0.0,0.0,0.0,0.9500000000000001,0.0,0.0,1.6623
611,0.0,0.0,0.0,0.0,0.0,0.0,0.0,0.1,0.0,0.0,0.0,0.0,0.0,0.0,0.9,0.0,0.0,1.6899
612,0.0,0.0,0.0,0.0,0.0,0.0,0.0,0.15,0.0,0.0,0.0,0.0,0.0,0.0,0.85,0.0,0.0,1.7012
613,0.0,0.0,0.0,0.0,0.0,0.0,0.0,0.2,0.0,0.0,0.0,0.0,0.0,0.0,0.8,0.0,0.0,1.6954
614,0.0,0.0,0.0,0.0,0.0,0.0,0.0,0.25,0.0,0.0,0.0,0.0,0.0,0.0,0.75,0.0,0.0,1.6791
615,0.0,0.0,0.0,0.0,0.0,0.0,0.0,0.3,0.0,0.0,0.0,0.0,0.0,0.0,0.7000000000000001,0.0,0.0,1.6567
616,0.0,0.8,0.0,0.0,0.0,0.2,0.0,0.0,0.0,0.0,0.0,0.0,0.0,0.0,0.0,0.0,0.0,1.56542
617,0.0,0.0,0.0,0.0,0.0,0.0,0.0,0.2,0.0,0.0,0.0,0.0,0.0,0.0,0.8,0.0,0.0,1.69543
618,0.0,0.0,0.35000000000000003,0.0,0.65,0.0,0.0,0.0,0.0,0.0,0.0,0.0,0.0,0.0,0.0,0.0,0.0,1.6748
619,0.0,0.75,0.0,0.0,0.0,0.25,0.0,0.0,0.0,0.0,0.0,0.0,0.0,0.0,0.0,0.0,0.0,1.58953
620,0.0,0.725,0.0,0.0,0.0,0.275,0.0,0.0,0.0,0.0,0.0,0.0,0.0,0.0,0.0,0.0,0.0,1.60271
621,0.0,0.7000000000000001,0.0,0.0,0.0,0.3,0.0,0.0,0.0,0.0,0.0,0.0,0.0,0.0,0.0,0.0,0.0,1.61667
622,0.0,0.675,0.0,0.0,0.0,0.325,0.0,0.0,0.0,0.0,0.0,0.0,0.0,0.0,0.0,0.0,0.0,1.62511
623,0.0,0.65,0.0,0.0,0.0,0.35000000000000003,0.0,0.0,0.0,0.0,0.0,0.0,0.0,0.0,0.0,0.0,0.0,1.63409
624,0.0,0.625,0.0,0.0,0.0,0.375,0.0,0.0,0.0,0.0,0.0,0.0,0.0,0.0,0.0,0.0,0.0,1.64261
625,0.0,0.6,0.0,0.0,0.0,0.4,0.0,0.0,0.0,0.0,0.0,0.0,0.0,0.0,0.0,0.0,0.0,1.64837
626,0.0,0.7000000000000001,0.0,0.0,0.3,0.0,0.0,0.0,0.0,0.0,0.0,0.0,0.0,0.0,0.0,0.0,0.0,1.58818
627,0.0,0.7000000000000001,0.0,0.0,0.0,0.0,0.3,0.0,0.0,0.0,0.0,0.0,0.0,0.0,0.0,0.0,0.0,1.56
628,0.0,0.75,0.0,0.0,0.0,0.0,0.0,0.0,0.0,0.0,0.25,0.0,0.0,0.0,0.0,0.0,0.0,1.57453
629,0.0,0.7000000000000001,0.0,0.0,0.0,0.0,0.0,0.0,0.0,0.0,0.3,0.0,0.0,0.0,0.0,0.0,0.0,1.6
630,0.0,0.65,0.0,0.0,0.0,0.0,0.0,0.0,0.0,0.0,0.35000000000000003,0.0,0.0,0.0,0.0,0.0,0.0,1.61337
631,0.0,0.5,0.0,0.0,0.0,0.4,0.0,0.0,0.0,0.0,0.0,0.0,0.0,0.1,0.0,0.0,0.0,1.69793
632,0.0,0.7000000000000001,0.0,0.0,0.0,0.2,0.1,0.0,0.0,0.0,0.0,0.0,0.0,0.0,0.0,0.0,0.0,1.67931
633,0.0,0.6,0.0,0.0,0.0,0.3,0.1,0.0,0.0,0.0,0.0,0.0,0.0,0.0,0.0,0.0,0.0,1.70321
634,0.0,0.5,0.0,0.0,0.0,0.4,0.1,0.0,0.0,0.0,0.0,0.0,0.0,0.0,0.0,0.0,0.0,1.71875
635,0.0,0.7000000000000001,0.0,0.0,0.0,0.28,0.02,0.0,0.0,0.0,0.0,0.0,0.0,0.0,0.0,0.0,0.0,1.60605
636,0.0,0.75,0.0,0.0,0.0,0.2,0.05,0.0,0.0,0.0,0.0,0.0,0.0,0.0,0.0,0.0,0.0,1.62857
637,0.0,0.6,0.0,0.0,0.0,0.3,0.0,0.0,0.0,0.0,0.0,0.0,0.0,0.1,0.0,0.0,0.0,1.68323
638,0.0,0.0,0.0,0.0,0.0,0.0,0.0,0.05,0.0,0.0,0.0,0.0,0.0,0.0,0.9500000000000001,0.0,0.0,1.66229
639,0.0,0.0,0.0,0.0,0.0,0.0,0.0,0.15,0.0,0.0,0.0,0.0,0.0,0.0,0.85,0.0,0.0,1.70116
640,0.0,0.0,0.0,0.0,0.0,0.0,0.0,0.25,0.0,0.0,0.0,0.0,0.0,0.0,0.75,0.0,0.0,1.67912
641,0.0,0.0,0.0,0.0,0.0,0.0,0.0,0.3,0.0,0.0,0.0,0.0,0.0,0.0,0.7000000000000001,0.0,0.0,1.65669
642,0.0,0.7000000000000001,0.0,0.0,0.0,0.0,0.0,0.2,0.0,0.0,0.0,0.0,0.1,0.0,0.0,0.0,0.0,1.73277
643,0.0,0.7000000000000001,0.0,0.0,0.0,0.0,0.0,0.2,0.0,0.0,0.0,0.0,0.0,0.1,0.0,0.0,0.0,1.74581
644,0.0,0.6,0.0,0.0,0.0,0.0,0.0,0.2,0.0,0.0,0.0,0.0,0.0,0.2,0.0,0.0,0.0,1.79901
645,0.4007,0.0,0.1493,0.0,0.1486,0.0,0.0,0.1507,0.14830000000000002,0.0,0.0,0.0,0.0,0.0,0.0,0.0,0.0,1.5563
646,0.5012,0.0,0.1474,0.0,0.1494,0.0,0.0,0.1005,0.09949999999999999,0.0,0.0,0.0,0.0,0.0,0.0,0.0,0.0,1.5465
647,0.6007,0.0,0.0989,0.0,0.1003,0.0,0.0,0.0983,0.1,0.0,0.0,0.0,0.0,0.0,0.0,0.0,0.0,1.5438
648,0.6524,0.0,0.09670000000000001,0.0,0.0,0.0,0.1,0.10189999999999999,0.0,0.0,0.0,0.0,0.0,0.0,0.0,0.0471,0.0,1.5469
649,0.7066,0.0,0.149,0.0396,0.0,0.0,0.1048,0.0,0.0,0.0,0.0,0.0,0.0,0.0,0.0,0.0,0.0,1.5205
650,0.7502,0.0,0.0301,0.0,0.0,0.0,0.1998,0.0,0.0199,0.0,0.0,0.0,0.0,0.0,0.0,0.0,0.0,1.5162
651,0.6254,0.0,0.04360000000000001,0.0,0.1164,0.0,0.0,0.14980000000000002,0.0496,0.0,0.0,0.0,0.0,0.0,0.0,0.0152,0.0,1.5313
652,0.5714,0.0683,0.10980000000000001,0.0,0.2505,0.0,0.0,0.0,0.0,0.0,0.0,0.0,0.0,0.0,0.0,0.0,0.0,1.5639
653,0.5738000000000001,0.06860000000000001,0.1101,0.0559,0.1916,0.0,0.0,0.0,0.0,0.0,0.0,0.0,0.0,0.0,0.0,0.0,0.0,1.5567
654,0.7873000000000001,0.1446,0.0,0.0,0.0,0.0,0.0,0.038700000000000005,0.0087,0.0,0.0,0.0,0.0,0.0207,0.0,0.0,0.0,1.4918
655,0.7572,0.1052,0.0512,0.0,0.0102,0.01,0.0,0.06620000000000001,0.0,0.0,0.0,0.0,0.0,0.0,0.0,0.0,0.0,1.4949
656,0.6742,0.0724,0.1257,0.045700000000000005,0.0384,0.04360000000000001,0.0,0.0,0.0,0.0,0.0,0.0,0.0,0.0,0.0,0.0,0.0,1.5241
657,0.6741,0.0415,0.0611,0.0861,0.056900000000000006,0.0,0.0,0.050499999999999996,0.0,0.0298,0.0,0.0,0.0,0.0,0.0,0.0,0.0,1.5278
658,0.505,0.1915,0.0,0.0,0.0983,0.0,0.0,0.1034,0.1018,0.0,0.0,0.0,0.0,0.0,0.0,0.0,0.0,1.543
659,0.5245000000000001,0.18460000000000001,0.1061,0.0,0.0,0.0,0.0,0.1042,0.0806,0.0,0.0,0.0,0.0,0.0,0.0,0.0,0.0,1.5104
660,0.45920000000000005,0.0,0.0027,0.0,0.4389,0.0,0.0,0.046200000000000005,0.0,0.0,0.0,0.0,0.0,0.0,0.0,0.0,0.0504,1.6038
661,0.46130000000000004,0.0,0.0,0.0,0.2706,0.0,0.0,0.2374,0.0,0.0,0.0,0.0,0.0,0.0,0.0,0.0,0.030699999999999998,1.5687
662,0.6377,0.0,0.0989,0.0533,0.0,0.0,0.1988,0.0,0.0,0.0,0.0,0.0,0.0,0.0,0.0,0.0,0.0,1.5481
663,0.632,0.0,0.0986,0.0517,0.0,0.0,0.09910000000000001,0.1072,0.0,0.0,0.0,0.0,0.0,0.0,0.0,0.0,0.0,1.5344
664,0.5997,0.0,0.1998,0.0,0.0001,0.0,0.0,0.19899999999999998,0.0,0.0,0.0,0.0,0.0,0.0,0.0,0.0,0.0,1.5113
665,0.6594,0.0,0.1568,0.0,0.0001,0.0,0.0,0.0,0.18300000000000002,0.0,0.0,0.0,0.0,0.0,0.0,0.0,0.0,1.5146
666,0.5929,0.0,0.2464,0.0,0.0001,0.0,0.0,0.1595,0.0,8.706000000000001e-05,0.0,0.0,0.0,0.0,0.0,0.0,0.0,1.519
667,0.5506000000000001,0.0,0.14150000000000001,0.0016,0.20579999999999998,0.0,0.0,0.0992,0.0,0.0,0.0,0.0,0.0,0.0,0.0,0.0,0.0,1.5576
668,0.5968,0.0,0.1472,0.0012,0.153,0.0,0.0,0.0509,0.0499,8.285000000000001e-05,6.508e-05,0.0,0.0,0.0,0.0,0.0,0.0,1.5395
669,0.5515,0.0,0.1438,0.0,0.2036,0.0,0.0,0.051,0.0501,0.0,0.0,0.0,0.0,0.0,0.0,0.0,0.0,1.554
670,0.6531999999999999,0.0,0.1524,0.0,0.0,0.0,0.073,0.07490000000000001,0.0,0.0,0.0,0.0,0.0,0.04650000000000001,0.0,0.0,0.0,1.54
671,0.6598999999999999,0.0,0.1518,0.0384,0.0,0.0,0.0722,0.07769999999999999,0.0,0.0,0.0,0.0,0.0,0.0,0.0,0.0,0.0,1.519
672,0.6508,0.0,0.1519,0.0,0.0,0.0,0.0735,0.0781,0.0,0.0,0.045700000000000005,0.0,0.0,0.0,0.0,0.0,0.0,1.528
673,0.6584000000000001,0.0,0.1452,0.0,0.0,0.0,0.07200000000000001,0.0757,0.0,0.0487,0.0,0.0,0.0,0.0,0.0,0.0,0.0,1.526
674,0.6528,0.0,0.1496,0.0,0.0496,0.0,0.0719,0.0761,0.0,0.0,0.0,0.0,0.0,0.0,0.0,0.0,0.0,1.528
675,0.65,0.0,0.1512,0.0,0.0,0.051,0.0724,0.07540000000000001,0.0,0.0,0.0,0.0,0.0,0.0,0.0,0.0,0.0,1.534
676,0.6364,0.0,0.0495,0.0,0.0,0.2003,0.0,0.062400000000000004,0.047599999999999996,0.0,0.0038,0.0,0.0,0.0,0.0,0.0,0.0,1.578
677,0.6497,0.0,0.049,0.0,0.0,0.09670000000000001,0.0,0.0579,0.0493,0.0,0.0974,0.0,0.0,0.0,0.0,0.0,0.0,1.57
678,0.645,0.0,0.0493,0.0,0.0,0.0018,0.0,0.059699999999999996,0.0507,0.0,0.1935,0.0,0.0,0.0,0.0,0.0,0.0,1.558
679,0.6342,0.0,0.048499999999999995,0.0,0.0487,0.1003,0.0,0.0654,0.052300000000000006,0.0,0.0506,0.0,0.0,0.0,0.0,0.0,0.0,1.566
680,0.6395000000000001,0.0,0.0497,0.001,0.0993,0.0,0.0,0.061900000000000004,0.0518,0.0,0.0968,0.0,0.0,0.0,0.0,0.0,0.0,1.55
681,0.6422,0.0,0.0496,0.0022,0.201,0.0,0.0,0.0562,0.0488,0.0,0.0,0.0,0.0,0.0,0.0,0.0,0.0,1.549
682,0.6714,0.0,0.049,0.1765,0.0,0.0,0.0,0.0562,0.046900000000000004,0.0,0.0,0.0,0.0,0.0,0.0,0.0,0.0,1.521
683,0.5197999999999999,0.10960000000000002,0.10800000000000001,0.0012,0.15880000000000002,0.0,0.0,0.050800000000000005,0.050800000000000005,0.0,0.0,0.0,0.0,0.0,0.0,0.0,0.0,1.5369
684,0.5425,0.0954,0.07740000000000001,0.1549,0.0,0.0,0.0,0.051100000000000007,0.051,0.0002,0.0,0.0,0.0,0.0265,0.0,0.0,0.0,1.5329
685,0.5601,0.09390000000000001,0.0746,0.0,0.0,0.1489,0.0,0.049,0.0478,0.0,0.0,0.0,0.0,0.0,0.0,0.024900000000000002,0.0,1.5771
686,0.5507,0.10070000000000001,0.0741,0.0,0.0,0.0,0.0,0.0506,0.0493,0.0,0.1485,0.0,0.0,0.0,0.0,0.0253,0.0,1.5609
687,0.5891,0.0,0.0702,0.022400000000000003,0.2434,0.0,0.0,0.0004,0.049,0.0,6.171e-05,0.0,0.0,0.0242,0.0,0.0,0.0,1.57
688,0.5857,0.0,0.0702,0.027200000000000002,0.2407,0.0,0.0,0.0262,0.025400000000000002,0.0,6.088e-05,0.0,0.0,0.0233,0.0,0.0,0.0,1.57
689,0.6225,0.0,0.0793,0.0417,0.2541,0.0,0.0,0.0005,0.0,0.0,5.967e-05,0.0,0.0,0.0,0.0,0.0,0.0,1.572
690,0.5736,0.0,0.1187,0.0,0.0,0.08220000000000001,0.0,0.11470000000000001,0.11080000000000001,0.0,0.0,0.0,0.0,0.0,0.0,0.0,0.0,1.5576
691,0.499,0.0,0.10039999999999999,0.0,0.09910000000000001,0.0,0.0,0.1514,0.1501,0.0,0.0,0.0,0.0,0.0,0.0,0.0,0.0,1.541
692,0.5002000000000001,0.0,0.1517,0.0,0.0483,0.0,0.0,0.1512,0.1486,0.0,0.0,0.0,0.0,0.0,0.0,0.0,0.0,1.532
693,0.6742,0.0793,0.1307,0.0,0.0,0.0201,0.0,0.0,0.0,0.055099999999999996,0.0406,0.0,0.0,0.0,0.0,0.0,0.0,1.524
694,0.1023,0.0,0.2965,0.0,0.6012,0.0,0.0,0.0,0.0,0.0,0.0,0.0,0.0,0.0,0.0,0.0,0.0,1.6711
695,0.1963,0.0,0.4071,0.0,0.39659999999999995,0.0,0.0,0.0,0.0,0.0,0.0,0.0,0.0,0.0,0.0,0.0,0.0,1.6306
696,0.203,0.0,0.30100000000000005,0.0,0.49600000000000005,0.0,0.0,0.0,0.0,0.0,0.0,0.0,0.0,0.0,0.0,0.0,0.0,1.6481
697,0.2911,0.0,0.3042,0.0,0.4047,0.0,0.0,0.0,0.0,0.0,0.0,0.0,0.0,0.0,0.0,0.0,0.0,1.6231
698,0.3045,0.0,0.197,0.0,0.4985,0.0,0.0,0.0,0.0,0.0,0.0,0.0,0.0,0.0,0.0,0.0,0.0,1.6432
699,0.4032,0.0,0.2965,0.0,0.3003,0.0,0.0,0.0,0.0,0.0,0.0,0.0,0.0,0.0,0.0,0.0,0.0,1.6014
700,0.40700000000000003,0.0,0.1984,0.0,0.3946,0.0,0.0,0.0,0.0,0.0,0.0,0.0,0.0,0.0,0.0,0.0,0.0,1.6182
701,0.3992,0.0,0.099,0.0,0.5018,0.0,0.0,0.0,0.0,0.0,0.0,0.0,0.0,0.0,0.0,0.0,0.0,1.6405
702,0.5039,0.0,0.201,0.0,0.29510000000000003,0.0,0.0,0.0,0.0,0.0,0.0,0.0,0.0,0.0,0.0,0.0,0.0,1.59
703,0.5165,0.0,0.0992,0.0,0.38430000000000003,0.0,0.0,0.0,0.0,0.0,0.0,0.0,0.0,0.0,0.0,0.0,0.0,1.6129
704,0.3024,0.0,0.0,0.0,0.0,0.0,0.0,0.0,0.2975,0.0,0.0,0.0,0.0,0.4001,0.0,0.0,0.0,1.7
705,0.5169,0.0,0.0,0.0,0.0,0.0,0.0,0.38799999999999996,0.0,0.0,0.0,0.0,0.0,0.0951,0.0,0.0,0.0,1.5788
706,0.1264,0.5285,0.0046,0.0,0.2009,0.0,0.0,0.0,0.0,0.0,0.0,0.0,0.09630000000000001,0.0,0.0,0.042699999999999995,0.0,1.69
707,0.1469,0.5017,0.0043,0.0,0.2031,0.0,0.0,0.0,0.0,0.0,0.0,0.0,0.0977,0.0,0.0,0.045700000000000005,0.0,1.695
708,0.09720000000000001,0.5539000000000001,0.0043,0.0,0.2036,0.0,0.0,0.0,0.0,0.0,0.0,0.0,0.0956,0.0,0.0,0.044800000000000006,0.0,1.687
709,0.142,0.5011,0.0044,0.08630000000000002,0.1301,0.0,0.0,0.0,0.0,0.0,0.0,0.0,0.092,0.0,0.0,0.0435,0.0,1.68
710,0.1585,0.5347999999999999,0.0044,0.0,0.12960000000000002,0.0,0.0,0.0,0.0,0.0,0.0353,0.0,0.095,0.0,0.0,0.0417,0.0,1.69
711,0.6814,0.0,0.0,0.0,0.0103,0.0529,0.0,0.07690000000000001,0.056600000000000004,0.0646,0.0007000000000000001,0.0,0.0,0.055400000000000005,0.0,0.0,0.0,1.57
712,0.7161,0.0,0.0,0.0,0.0101,0.05480000000000001,0.0,0.07830000000000001,0.056900000000000006,0.0668,0.0021,0.0,0.0,0.0,0.0,0.0,0.0,1.54
713,0.7595000000000001,0.0,0.0,0.0,0.0118,0.022799999999999997,0.0,0.0804,0.0401,0.056600000000000004,0.0005,0.0,0.0,0.025099999999999997,0.0,0.0,0.0,1.54
714,0.7273000000000001,0.0,0.0,0.0003,0.0449,0.0106,0.0,0.0805,0.039,0.0705,0.0003,0.0,0.0,0.0235,0.0,0.0,0.0,1.544
715,0.7571,0.0,0.0,0.0,0.0121,0.0248,0.0,0.0435,0.0729,0.0575,0.0005,0.0,0.0,0.028399999999999998,0.0,0.0,0.0,1.54
716,0.7587,0.0,0.0,0.0003,0.0354,0.0337,0.0,0.0848,0.0417,0.0235,0.0006,0.0,0.0,0.0169,0.0,0.0,0.0,1.54
717,0.0037,0.0,0.10210000000000001,0.0008,0.10070000000000001,0.0,0.0,0.0009,0.0,0.3018,0.0,0.0,0.0,0.0,0.0,0.0,0.49,1.5358
718,0.0789,0.0,0.2711,0.0689,0.5811000000000001,0.0,0.0,0.0,0.0,0.0,0.0,0.0,0.0,0.0,0.0,0.0,0.0,1.68088
719,0.0796,0.0,0.2715,0.0695,0.5777,0.0,0.0,0.0,0.0,0.0,0.0,0.0,0.0,0.0,0.0,0.0,0.0,1.68266
720,0.0804,0.0,0.2606,0.0702,0.5835,0.0,0.0,0.0,0.0,0.0,0.0,0.0,0.0,0.0,0.0,0.0,0.0,1.68605
721,0.0812,0.0,0.2497,0.0709,0.5894,0.0,0.0,0.0,0.0,0.0,0.0,0.0,0.0,0.0,0.0,0.0,0.0,1.69158
722,0.0824,0.0,0.2768,0.047400000000000005,0.5925,0.0,0.0,0.0,0.0,0.0,0.0,0.0,0.0,0.0,0.0,0.0,0.0,1.68239
723,0.0795,0.0,0.2699,0.0694,0.5794,0.0,0.0,0.0,0.0,0.0,0.0,0.0,0.0,0.0,0.0,0.0,0.0,1.68257
724,0.0803,0.0,0.26940000000000003,0.0683,0.5783,0.0,0.0,0.0,0.0,0.0,0.0,0.0,0.0,0.0,0.0,0.0,0.0,1.68302
725,0.081,0.0,0.2554,0.0694,0.5869,0.0,0.0,0.0,0.0,0.0,0.0,0.0,0.0,0.0,0.0,0.0,0.0,1.68797
726,0.0819,0.0,0.2444,0.0702,0.5935,0.0,0.0,0.0,0.0,0.0,0.0,0.0,0.0,0.0,0.0,0.0,0.0,1.69292
727,0.0821,0.0,0.2384,0.0716,0.5954,0.0,0.0,0.0,0.0,0.0,0.0,0.0,0.0,0.0,0.0,0.0,0.0,1.69506
728,0.0824,0.0,0.23260000000000003,0.07200000000000001,0.5982999999999999,0.0,0.0,0.0,0.0,0.0,0.0,0.0,0.0,0.0,0.0,0.0,0.0,1.6972
729,0.0812,0.0,0.24960000000000002,0.0709,0.5893,0.0,0.0,0.0,0.0,0.0,0.0,0.0,0.0,0.0,0.0,0.0,0.0,1.69167
730,0.0816,0.0,0.244,0.0713,0.5922999999999999,0.0,0.0,0.0,0.0,0.0,0.0,0.0,0.0,0.0,0.0,0.0,0.0,1.69274
731,0.0802,0.0,0.2634,0.07,0.5820000000000001,0.0,0.0,0.0,0.0,0.0,0.0,0.0,0.0,0.0,0.0,0.0,0.0,1.68471
732,0.0804,0.0,0.2606,0.0703,0.5834,0.0,0.0,0.0,0.0,0.0,0.0,0.0,0.0,0.0,0.0,0.0,0.0,1.68578
733,0.0706,0.0,0.2552,0.0808,0.5863,0.0,0.0,0.0,0.0,0.0,0.0,0.0,0.0,0.0,0.0,0.0,0.0,1.68708
734,0.0812,0.0,0.24960000000000002,0.0709,0.5892000000000001,0.0,0.0,0.0,0.0,0.0,0.0,0.0,0.0,0.0,0.0,0.0,0.0,1.69194
735,0.0816,0.0,0.2439,0.0713,0.5922999999999999,0.0,0.0,0.0,0.0,0.0,0.0,0.0,0.0,0.0,0.0,0.0,0.0,1.69292
736,0.0821,0.0,0.23809999999999998,0.0717,0.5953,0.0,0.0,0.0,0.0,0.0,0.0,0.0,0.0,0.0,0.0,0.0,0.0,1.69515
737,0.7204,0.0,0.0088,0.0296,0.10650000000000001,0.0,0.0,0.13,0.0032,0.0,0.0,0.0,0.0,0.0,0.0,0.0,0.0,1.53
738,0.19,0.2,0.0,0.0,0.0,0.0,0.0,0.0,0.0,0.6,0.0,0.0,0.0,0.0,0.0,0.0,0.0,1.786
739,0.0,0.0,0.1724,0.0,0.18910000000000002,0.0,0.1761,0.0,0.0,0.0,0.0,0.0,0.0,0.0,0.46240000000000003,0.0,0.0,1.739
740,0.0,0.0,0.1764,0.0,0.1935,0.0,0.1353,0.0217,0.0,0.0,0.0,0.0,0.0,0.0,0.4731,0.0,0.0,1.716
741,0.0,0.0,0.1807,0.0,0.1981,0.0,0.09240000000000001,0.044500000000000005,0.0,0.0,0.0,0.0,0.0,0.0,0.4843,0.0,0.0,1.725
742,0.0,0.0,0.18510000000000001,0.0,0.2029,0.0,0.04730000000000001,0.0684,0.0,0.0,0.0,0.0,0.0,0.0,0.4963,0.0,0.0,1.736
743,0.0,0.0,0.1898,0.0,0.20809999999999998,0.0,0.0,0.0934,0.0,0.0,0.0,0.0,0.0,0.0,0.5086999999999999,0.0,0.0,1.769
744,0.8025,0.0,0.0,0.0,0.0,0.04190000000000001,0.0,0.15560000000000002,0.0,0.0,0.0,0.0,0.0,0.0,0.0,0.0,0.0,1.724
745,0.8281000000000001,0.0,0.0,0.0,0.0,0.0649,0.0,0.107,0.0,0.0,0.0,0.0,0.0,0.0,0.0,0.0,0.0,1.846
746,0.0,0.2,0.0,0.0,0.1,0.0,0.05,0.0,0.0,0.0,0.0,0.0,0.0,0.0,0.0,0.0,0.65,1.52491
747,0.0,0.15,0.05,0.0,0.1,0.0,0.05,0.0,0.0,0.0,0.0,0.0,0.0,0.0,0.0,0.0,0.65,1.53045
748,0.0,0.1,0.1,0.0,0.1,0.0,0.05,0.0,0.0,0.0,0.0,0.0,0.0,0.0,0.0,0.0,0.65,1.53504
749,0.0,0.05,0.15,0.0,0.1,0.0,0.05,0.0,0.0,0.0,0.0,0.0,0.0,0.0,0.0,0.0,0.65,1.53464
750,0.0,0.0,0.2,0.0,0.1,0.0,0.05,0.0,0.0,0.0,0.0,0.0,0.0,0.0,0.0,0.0,0.65,1.5325
751,0.7138,0.0347,0.023700000000000002,0.045,0.0765,0.0,0.0,0.1063,0.0,0.0,0.0,0.0,0.0,0.0,0.0,0.0,0.0,1.515
752,0.7061000000000001,0.0351,0.024,0.0454,0.0926,0.0,0.0,0.0788,0.013000000000000001,0.0,0.0,0.0,0.0,0.0,0.0,0.005,0.0,1.522
753,0.5657,0.0,0.0654,0.0,0.1545,0.0,0.0,0.0,0.0,0.131,0.0,0.0,0.0,0.0834,0.0,0.0,0.0,1.6428
754,0.563,0.0,0.0858,0.0,0.1471,0.0,0.0,0.0,0.0,0.1261,0.0,0.0,0.0,0.078,0.0,0.0,0.0,1.6369
755,0.5595,0.0,0.060700000000000004,0.0,0.1461,0.0,0.0,0.0,0.0,0.1562,0.0,0.0,0.0,0.0775,0.0,0.0,0.0,1.6452
756,0.5362,0.0,0.0708,0.0,0.16460000000000002,0.0,0.0,0.0,0.0,0.1381,0.0,0.0,0.0,0.09029999999999999,0.0,0.0,0.0,1.6584
757,0.5506000000000001,0.0,0.08320000000000001,0.0,0.1868,0.0,0.0,0.0,0.0,0.08990000000000001,0.0,0.0,0.0,0.0895,0.0,0.0,0.0,1.6457
758,0.5394,0.0,0.0815,0.0,0.1597,0.0,0.04360000000000001,0.0,0.0,0.08810000000000001,0.0,0.0,0.0,0.0877,0.0,0.0,0.0,1.6468
759,0.5422,0.0,0.0883,0.0,0.1489,0.0,0.0438,0.0,0.0,0.0805,0.0,0.0,0.0,0.09630000000000001,0.0,0.0,0.0,1.6468
760,0.5518,0.0,0.0599,0.0,0.1883,0.0,0.0,0.0,0.0,0.1236,0.0,0.0,0.0,0.0764,0.0,0.0,0.0,1.6477
761,0.5797,0.0,0.071,0.0,0.1201,0.0,0.0,0.0,0.0,0.1386,0.0,0.0,0.0,0.0906,0.0,0.0,0.0,1.6385
762,0.5422,0.0,0.0883,0.0,0.1489,0.0,0.0438,0.0,0.0,0.0805,0.0,0.0,0.0,0.09630000000000001,0.0,0.0,0.0,1.6469
763,0.5506000000000001,0.0,0.08320000000000001,0.0,0.1868,0.0,0.0,0.0,0.0,0.08779999999999999,0.0,0.0,0.0,0.0916,0.0,0.0,0.0,1.6457
764,0.254,0.34159999999999996,0.19090000000000001,0.0362,0.0373,0.0,0.0344,0.0,0.0524,0.0,0.024700000000000003,0.0,0.0,0.0,0.0,0.0103,0.0,1.558603
765,0.452,0.2701,0.031200000000000002,0.052000000000000005,0.0,0.0919,0.043,0.0,0.0449,0.0,0.0,0.0,0.0,0.0,0.0,0.0,0.0,1.566582
766,0.6899,0.0,0.0348,0.024700000000000003,0.12,0.0,0.0,0.0704,0.0298,0.0,0.0,0.0,0.0,0.0304,0.0,0.0,0.0,1.541
767,0.598,0.0,0.0736,0.0388,0.23399999999999999,0.0,0.0,0.005,0.0,0.0115,0.0,0.0,0.0,0.0391,0.0,0.0,0.0,1.593
768,0.6507,0.0501,0.0497,0.05,0.17,0.0,0.0,0.029500000000000002,0.0,0.0,0.0,0.0,0.0,0.0,0.0,0.0,0.0,1.539
769,0.6505,0.050300000000000004,0.05,0.0396,0.1699,0.0,0.0,0.029700000000000004,0.0,0.0,0.0,0.0,0.0,0.01,0.0,0.0,0.0,1.541
770,0.2586,0.33280000000000004,0.1943,0.0169,0.0253,0.0253,0.0349,0.0,0.0534,0.0,0.0325,0.0,0.0,0.0,0.0,0.01,0.0,1.557809
771,0.5718,0.0,0.07,0.0,0.16280000000000003,0.0,0.0,0.0,0.0,0.106,0.0,0.0,0.0,0.0894,0.0,0.0,0.0,1.6417
772,0.588,0.0,0.41200000000000003,0.0,0.0,0.0,0.0,0.0,0.0,0.0,0.0,0.0,0.0,0.0,0.0,0.0,0.0,1.55917
773,0.611,0.0,0.389,0.0,0.0,0.0,0.0,0.0,0.0,0.0,0.0,0.0,0.0,0.0,0.0,0.0,0.0,1.55391
774,0.66,0.0,0.34,0.0,0.0,0.0,0.0,0.0,0.0,0.0,0.0,0.0,0.0,0.0,0.0,0.0,0.0,1.54176
775,0.0,0.0,0.0,0.0,0.0,0.29850000000000004,0.0,0.0,0.0,0.0,0.0,0.0,0.0,0.1493,0.5472,0.0,0.0,1.85295
776,0.5,0.0,0.1,0.11,0.0,0.0,0.0,0.0,0.0,0.29,0.0,0.0,0.0,0.0,0.0,0.0,0.0,1.618
777,0.51,0.0,0.11,0.22,0.0,0.0,0.0,0.0,0.0,0.16,0.0,0.0,0.0,0.0,0.0,0.0,0.0,1.596
778,0.5,0.0,0.12,0.13,0.05,0.0,0.0,0.0,0.0,0.2,0.0,0.0,0.0,0.0,0.0,0.0,0.0,1.606
779,0.5,0.0,0.12,0.16,0.0,0.0,0.0,0.0,0.0,0.18,0.0,0.0,0.01,0.01,0.0,0.01,0.0,1.632
780,0.47000000000000003,0.0,0.12,0.18,0.0,0.0,0.0,0.0,0.0,0.2,0.0,0.0,0.0,0.0,0.0,0.0,0.03,1.596
781,0.5711,0.0,0.0,0.0,0.0,0.0,0.0,0.0,0.12140000000000001,0.0,0.0,0.3075,0.0,0.0,0.0,0.0,0.0,1.6774
782,0.5645,0.0,0.0,0.0,0.0,0.0369,0.0,0.0,0.12,0.0,0.0,0.2786,0.0,0.0,0.0,0.0,0.0,1.6772
783,0.499,0.0,0.0,0.0,0.0,0.0782,0.0,0.0,0.1273,0.0,0.0,0.29550000000000004,0.0,0.0,0.0,0.0,0.0,1.6779
784,0.5327000000000001,0.0,0.0,0.0,0.0,0.056900000000000006,0.0,0.0,0.1236,0.0,0.0,0.2868,0.0,0.0,0.0,0.0,0.0,1.6783
785,0.4875,0.0421,0.0,0.0,0.0,0.057300000000000004,0.0,0.0,0.1244,0.0,0.0,0.2887,0.0,0.0,0.0,0.0,0.0,1.6775
786,0.48740000000000006,0.0421,0.0,0.0,0.0,0.056600000000000004,0.0,0.0,0.1244,0.0,0.0,0.2888,0.0,0.0,0.0,0.0,0.0,1.6776
